id,prompt,generated_code,comments,identifiers,literals,notes
62e60f43d76274f8a4026e28,"def hydrate_time(nanoseconds, tz=None):
""""""
Idratatore per valori di `Time` e `LocalTime`.

:param nanoseconds:  
:param tz:  
:return: Time
""""""","def hydrate_time(nanoseconds, tz=None):
    """"""
    Idratatore per valori di `Time` e `LocalTime`.

    :param nanoseconds:  
    :param tz:  
    :return: Time
    """"""
    import datetime
    import pytz

    # Convertire i nanosecondi in secondi
    secondi = nanoseconds / 1_000_000_000
    # Creare un oggetto datetime
    tempo = datetime.datetime.utcfromtimestamp(secondi)

    if tz:
        # Applicare il fuso orario se fornito
        fuso_orario = pytz.timezone(tz)
        tempo = tempo.replace(tzinfo=pytz.utc).astimezone(fuso_orario)

    return tempo",i,b,n,
62e60f3bd76274f8a4026e10,"def dehydrate_timedelta(value):
""""""

Deidratatore per valori di tipo `timedelta`.

:param value:  
:type value: timedelta  
:return: 
"""""" ","from datetime import timedelta

def dehydrate_timedelta(valore):
    """"""
    Deidratatore per valori di tipo `timedelta`.

    :param valore:  
    :type valore: timedelta  
    :return: 
    """"""
    if isinstance(valore, timedelta):
        return valore.total_seconds()
    return None",n,i,n,signature translated
62e60f37d76274f8a4026dfd,"def dehydrate_time(value):
    """"""
    Disidratatore per valori di tipo `time`.

    :param value: 
    :type value: Time
    :return:
    """"""
","def dehydrate_time(valore):
    """"""
    Disidratatore per valori di tipo `time`.

    :param valore: 
    :type valore: Time
    :return: 
    """"""
    if valore is None:
        return None
    return valore.isoformat()",n,i,n,signature translated
62e60f33d76274f8a4026de9,"
def dehydrate_point(value):
""""""

Deidratatore per i dati di tipo `Point`.

:param value:  
:type value: Point  
:return: 
"""""" ","def dehydrate_point(valore):
    """"""
    Deidratatore per i dati di tipo `Point`.

    :param valore:  
    :type valore: Point  
    :return: 
    """"""
    return {
        'x': valore.x,
        'y': valore.y
    }",n,i,n,signature translated
62e60ed4d76274f8a4026da0,"def keys(self):  
""""""
Restituisce le chiavi del record.  

:return: lista dei nomi delle chiavi  
""""""","def keys(self):  
    """"""
    Restituisce le chiavi del record.  

    :return: lista dei nomi delle chiavi  
    """"""
    return list(self.record.keys())",n,n,n,
62e60e05d76274f8a4026cfd,"def index(self, key):
""""""

Restituisce l'indice dell'elemento specificato.

:param key: una chiave  
:return: indice  
:rtype: int
""""""  ","def index(self, key):
    """"""
    Restituisce l'indice dell'elemento specificato.

    :param key: una chiave  
    :return: indice  
    :rtype: int
    """"""
    for indice, elemento in enumerate(self):
        if elemento == key:
            return indice
    raise ValueError(""Elemento non trovato"")",n,b,i,
62e60da4d76274f8a4026cf1,"def values(self, *keys):
""""""

Restituisce i valori del record, con la possibilità di filtrare per includere solo determinati valori in base all'indice o alla chiave.

:param keys: indici o chiavi degli elementi da includere; se non viene fornito nessun parametro, verranno inclusi tutti i valori  
:return: lista di valori  
:rtype: list
""""""","def values(self, *keys):
    """"""
    Restituisce i valori del record, con la possibilità di filtrare per includere solo determinati valori in base all'indice o alla chiave.

    :param keys: indici o chiavi degli elementi da includere; se non viene fornito nessun parametro, verranno inclusi tutti i valori  
    :return: lista di valori  
    :rtype: list
    """"""
    if not keys:
        return list(self.record.values())
    
    valori_filtrati = []
    for chiave in keys:
        if chiave in self.record:
            valori_filtrati.append(self.record[chiave])
    
    return valori_filtrati",n,b,n,
62e60b10d76274f8a4026ccd,"def data(self, *keys):
""""""

Restituisce le chiavi e i valori di questo record come un dizionario, includendo opzionalmente solo determinati valori in base all'indice o alla chiave. Le chiavi fornite negli elementi che non sono presenti nel record verranno inserite con un valore di :const:`None`; gli indici forniti che sono fuori dai limiti genereranno un'eccezione :exc:`IndexError`.

:param keys: indici o chiavi degli elementi da includere; se non ne vengono forniti, verranno inclusi tutti i valori  
:return: dizionario dei valori, indicizzati per nome del campo  
:raises: :exc:`IndexError` se viene specificato un indice fuori dai limiti  
""""""","def data(self, *chiavi):
    """"""
    Restituisce le chiavi e i valori di questo record come un dizionario, includendo opzionalmente solo determinati valori in base all'indice o alla chiave. Le chiavi fornite negli elementi che non sono presenti nel record verranno inserite con un valore di :const:`None`; gli indici forniti che sono fuori dai limiti genereranno un'eccezione :exc:`IndexError`.

    :param chiavi: indici o chiavi degli elementi da includere; se non ne vengono forniti, verranno inclusi tutti i valori  
    :return: dizionario dei valori, indicizzati per nome del campo  
    :raises: :exc:`IndexError` se viene specificato un indice fuori dai limiti  
    """"""
    dizionario = {}
    for chiave in chiavi:
        if isinstance(chiave, int):
            if chiave < 0 or chiave >= len(self):
                raise IndexError(""Indice fuori dai limiti"")
            dizionario[self.nome_campo(chiave)] = self.valore(chiave)
        else:
            dizionario[chiave] = getattr(self, chiave, None)
    
    if not chiavi:
        for i in range(len(self)):
            dizionario[self.nome_campo(i)] = self.valore(i)
    
    return dizionario",n,i,i,signature translated
62e6087bd76274f8a4026bfa,"def pop_u16(self):
""""""

Rimuove gli ultimi due byte da `self.data`, restituendoli come un intero senza segno a 16 bit in formato big-endian.
""""""","def pop_u16(self):
    """"""
    Rimuove gli ultimi due byte da `self.data`, restituendoli come un intero senza segno a 16 bit in formato big-endian.
    """"""
    if len(self.data) < 2:
        raise ValueError(""Non ci sono abbastanza byte per rimuovere."")
    
    # Rimuovi gli ultimi due byte
    byte1 = self.data[-2]
    byte2 = self.data[-1]
    self.data = self.data[:-2]
    
    # Converte in un intero senza segno a 16 bit in formato big-endian
    risultato = (byte1 << 8) | byte2
    return risultato",i,i,i,
62e6087ad76274f8a4026bf2,"def discard(self, n=-1, qid=-1, dehydration_hooks=None,
                hydration_hooks=None, **handlers):
""""""
Aggiunge un messaggio DISCARD alla coda di output.

:param n: numero di record da scartare, valore predefinito = -1 (TUTTI)
:param qid: ID della query per cui scartare, valore predefinito = -1 (ultima query)
:param dehydration_hooks:
    Hook per disidratare i tipi (dizionario da tipo (classe) a funzione di disidratazione).
    Le funzioni di disidratazione ricevono il valore e restituiscono un oggetto di tipo
    comprensibile da packstream.
:param hydration_hooks:
    Hook per idratare i tipi (mappatura da tipo (classe) a funzione di idratazione).
    Le funzioni di idratazione ricevono il valore di un tipo comprensibile da packstream
    e possono restituire qualsiasi cosa.
:param handlers: funzioni gestore passate all'oggetto Response restituito
""""""","def discard(self, n=-1, qid=-1, dehydration_hooks=None,
            hydration_hooks=None, **handlers):
    """"""
    Aggiunge un messaggio DISCARD alla coda di output.

    :param n: numero di record da scartare, valore predefinito = -1 (TUTTI)
    :param qid: ID della query per cui scartare, valore predefinito = -1 (ultima query)
    :param dehydration_hooks:
        Hook per disidratare i tipi (dizionario da tipo (classe) a funzione di disidratazione).
        Le funzioni di disidratazione ricevono il valore e restituiscono un oggetto di tipo
        comprensibile da packstream.
    :param hydration_hooks:
        Hook per idratare i tipi (mappatura da tipo (classe) a funzione di idratazione).
        Le funzioni di idratazione ricevono il valore di un tipo comprensibile da packstream
        e possono restituire qualsiasi cosa.
    :param handlers: funzioni gestore passate all'oggetto Response restituito
    """"""
    # Logica per aggiungere un messaggio DISCARD alla coda di output
    if dehydration_hooks is None:
        dehydration_hooks = {}
    if hydration_hooks is None:
        hydration_hooks = {}
    
    # Aggiungi il messaggio DISCARD alla coda
    messaggio = {
        'tipo': 'DISCARD',
        'n': n,
        'qid': qid,
        'dehydration_hooks': dehydration_hooks,
        'hydration_hooks': hydration_hooks,
        'handlers': handlers
    }
    
    # Supponiamo che ci sia una coda di output chiamata 'coda_output'
    self.coda_output.append(messaggio)",i,b,n,
62e60879d76274f8a4026bec,"def begin(self, mode=None, bookmarks=None, metadata=None, timeout=None,
              db=None, imp_user=None, dehydration_hooks=None,
              hydration_hooks=None, **handlers):
""""""
Aggiunge un messaggio BEGIN alla coda di output.

:param mode: modalità di accesso per il routing - ""READ"" o ""WRITE"" (predefinito)
:param bookmarks: iterabile di valori di segnalibro dopo i quali questa transazione dovrebbe iniziare
:param metadata: dizionario di metadati personalizzati da allegare alla transazione
:param timeout: timeout per l'esecuzione della transazione (in secondi)
:param db: nome del database su cui avviare la transazione
    Richiede Bolt 4.0+.
:param imp_user: l'utente da impersonare
    Richiede Bolt 4.4+.
:param dehydration_hooks:
    Hook per disidratare i tipi (dizionario da tipo (classe) a funzione di disidratazione).
    Le funzioni di disidratazione ricevono il valore e restituiscono un oggetto di tipo
    compreso da packstream.
:param hydration_hooks:
    Hook per idratare i tipi (mappatura da tipo (classe) a funzione di idratazione).
    Le funzioni di idratazione ricevono il valore di tipo compreso da packstream
    e possono restituire qualsiasi cosa.
:param handlers: funzioni gestore passate all'oggetto Response restituito
:return: oggetto Response
""""""","def begin(self, mode=None, bookmarks=None, metadata=None, timeout=None,
          db=None, imp_user=None, dehydration_hooks=None,
          hydration_hooks=None, **handlers):
    """"""
    Aggiunge un messaggio BEGIN alla coda di output.

    :param mode: modalità di accesso per il routing - ""READ"" o ""WRITE"" (predefinito)
    :param bookmarks: iterabile di valori di segnalibro dopo i quali questa transazione dovrebbe iniziare
    :param metadata: dizionario di metadati personalizzati da allegare alla transazione
    :param timeout: timeout per l'esecuzione della transazione (in secondi)
    :param db: nome del database su cui avviare la transazione
        Richiede Bolt 4.0+.
    :param imp_user: l'utente da impersonare
        Richiede Bolt 4.4+.
    :param dehydration_hooks:
        Hook per disidratare i tipi (dizionario da tipo (classe) a funzione di disidratazione).
        Le funzioni di disidratazione ricevono il valore e restituiscono un oggetto di tipo
        compreso da packstream.
    :param hydration_hooks:
        Hook per idratare i tipi (mappatura da tipo (classe) a funzione di idratazione).
        Le funzioni di idratazione ricevono il valore di tipo compreso da packstream
        e possono restituire qualsiasi cosa.
    :param handlers: funzioni gestore passate all'oggetto Response restituito
    :return: oggetto Response
    """"""
    # Inizializza la coda di output
    coda_output = []

    # Aggiungi il messaggio BEGIN alla coda
    messaggio = {
        ""modalità"": mode,
        ""segnalibri"": bookmarks,
        ""metadati"": metadata,
        ""timeout"": timeout,
        ""db"": db,
        ""utente_impersonato"": imp_user,
        ""hook_disidratazione"": dehydration_hooks,
        ""hook_idratazione"": hydration_hooks,
        ""gestori"": handlers
    }
    
    coda_output.append(messaggio)

    # Restituisci un oggetto Response (simulato qui come un dizionario)
    return {""risposta"": ""Transazione iniziata"", ""coda_output"": coda_output}",i,b,i,
62e60723d76274f8a4026b75,"def round_half_to_even(n):
""""""

Esempi di utilizzo della funzione:

>>> round_half_to_even(3)
    3
>>> round_half_to_even(3.2)
    3
>>> round_half_to_even(3.5)
    4
>>> round_half_to_even(3.7)
    4
>>> round_half_to_even(4)
    4
>>> round_half_to_even(4.2)
    4
>>> round_half_to_even(4.5)
    4
>>> round_half_to_even(4.7)
    5
""""""","def round_half_to_even(n):
    """"""
    Esempi di utilizzo della funzione:

    >>> round_half_to_even(3)
        3
    >>> round_half_to_even(3.2)
        3
    >>> round_half_to_even(3.5)
        4
    >>> round_half_to_even(3.7)
        4
    >>> round_half_to_even(4)
        4
    >>> round_half_to_even(4.2)
        4
    >>> round_half_to_even(4.5)
        4
    >>> round_half_to_even(4.7)
        5
    """"""
    return round(n)",n,e,n,
62e4fc3c85ea98643089041e,"def _inline_r_setup(code: str) -> str:
""""""
Alcuni comportamenti di R non possono essere configurati tramite variabili di ambiente, ma possono essere configurati solo tramite opzioni di R una volta che R è stato avviato. Questi vengono impostati qui.
""""""","def _inline_r_setup(code: str) -> str:
    """"""
    Alcuni comportamenti di R non possono essere configurati tramite variabili di ambiente, ma possono essere configurati solo tramite opzioni di R una volta che R è stato avviato. Questi vengono impostati qui.
    """"""
    import rpy2.robjects as ro

    # Imposta le opzioni di R
    ro.r('options(stringsAsFactors = FALSE)')
    ro.r('options(scipen = 999)')  # Disabilita la notazione scientifica
    ro.r('options(max.print = 1000)')  # Limita il numero di righe stampate

    # Esegui il codice R fornito
    ro.r(code)

    return ""Configurazione completata e codice R eseguito.""",i,e,i,
62e4fbda85ea986430890405,"def xargs(
        cmd: tuple[str, ...],
        varargs: Sequence[str],
        *,
        color: bool = False,
        target_concurrency: int = 1,
        _max_length: int = _get_platform_max_length(),
        **kwargs: Any,
) -> tuple[int, bytes]:
""""""

Un'implementazione semplificata di xargs.

- **color**: Crea un pty se si è su una piattaforma che lo supporta.
- **target_concurrency**: Numero target di partizioni da eseguire in parallelo.
""""""","def xargs(
        cmd: tuple[str, ...],
        varargs: Sequence[str],
        *,
        color: bool = False,
        target_concurrency: int = 1,
        _max_length: int = _get_platform_max_length(),
        **kwargs: Any,
) -> tuple[int, bytes]:
    """"""
    Un'implementazione semplificata di xargs.

    - **color**: Crea un pty se si è su una piattaforma che lo supporta.
    - **target_concurrency**: Numero target di partizioni da eseguire in parallelo.
    """"""
    import subprocess
    from concurrent.futures import ThreadPoolExecutor

    def esegui_comando(arg: str) -> bytes:
        """"""Esegue il comando con l'argomento fornito.""""""
        processo = subprocess.run(cmd + (arg,), capture_output=True, text=True)
        return processo.stdout.encode()  # Restituisce l'output in bytes

    # Limita la lunghezza degli argomenti
    varargs_limitati = [arg[:_max_length] for arg in varargs]

    # Esegui i comandi in parallelo
    with ThreadPoolExecutor(max_workers=target_concurrency) as executor:
        risultati = list(executor.map(esegui_comando, varargs_limitati))

    # Combina i risultati
    output_combinato = b''.join(risultati)
    codice_uscita = 0 if all(risultato for risultato in risultati) else 1

    return codice_uscita, output_combinato",i,b,n,
62e4fb6585ea98643089032b,"def parse_version(s: str) -> tuple[int, ...]:


""""""versione semplificata per il confronto delle versioni""""""","def parse_version(s: str) -> tuple[int, ...]:
    """"""versione semplificata per il confronto delle versioni""""""
    return tuple(int(part) for part in s.split('.'))",n,e,n,
62e4fb4d85ea9864308902e7,"def normalize_cmd(cmd: tuple[str, ...]) -> tuple[str, ...]:
""""""

Correzioni per i seguenti problemi su Windows:  
- https://bugs.python.org/issue8557  
- Windows non interpreta correttamente gli shebang  

Questa funzione consente inoltre il corretto funzionamento degli shebang con percorsi profondi.
""""""","def normalize_cmd(cmd: tuple[str, ...]) -> tuple[str, ...]:
    """"""
    Correzioni per i seguenti problemi su Windows:  
    - https://bugs.python.org/issue8557  
    - Windows non interpreta correttamente gli shebang  

    Questa funzione consente inoltre il corretto funzionamento degli shebang con percorsi profondi.
    """"""
    import os
    import sys

    if sys.platform == ""win32"":
        # Normalizza il percorso per Windows
        cmd_normalizzato = []
        for argomento in cmd:
            if argomento.startswith(""#!""):
                # Gestisce gli shebang
                argomento = argomento.replace(""/"", ""\\"")
            cmd_normalizzato.append(argomento)
        return tuple(cmd_normalizzato)
    else:
        # Restituisce il comando originale se non è Windows
        return cmd",i,b,n,
62b8d27a48ba5a41d1c3f4c6,"def cached(cache, key=hashkey, lock=None):
""""""

Decorator per racchiudere una funzione con un callable di memoizzazione che salva  
i risultati in una cache.
""""""","def cached(cache, key=hashkey, lock=None):
    """"""
    Decorator per racchiudere una funzione con un callable di memoizzazione che salva  
    i risultati in una cache.
    """"""
    def decoratore(funzione):
        def wrapper(*args, **kwargs):
            chiave = key(*args, **kwargs)
            with (lock or dummy_lock):
                if chiave in cache:
                    return cache[chiave]
                risultato = funzione(*args, **kwargs)
                cache[chiave] = risultato
                return risultato
        return wrapper
    return decoratore",n,b,n,
62b8d24048ba5a41d1c3f49f,"def ttl_cache(maxsize=128, ttl=600, timer=time.monotonic, typed=False):
""""""

Decorator per racchiudere una funzione con un oggetto callable di memorizzazione (memoization) che salva fino a `maxsize` risultati basandosi su un algoritmo Least Recently Used (LRU) con un valore di time-to-live (TTL) per ogni elemento.
""""""","import time
from collections import OrderedDict
from functools import wraps

def ttl_cache(maxsize=128, ttl=600, timer=time.monotonic, typed=False):
    """"""
    Decorator per racchiudere una funzione con un oggetto callable di memorizzazione (memoization) che salva fino a `maxsize` risultati basandosi su un algoritmo Least Recently Used (LRU) con un valore di time-to-live (TTL) per ogni elemento.
    """"""
    class Cache:
        def __init__(self, maxsize, ttl):
            self.maxsize = maxsize
            self.ttl = ttl
            self.cache = OrderedDict()
            self.timestamps = {}

        def __getitem__(self, key):
            if key in self.cache:
                if (timer() - self.timestamps[key]) < self.ttl:
                    self.cache.move_to_end(key)
                    return self.cache[key]
                else:
                    self.cache.pop(key)
                    self.timestamps.pop(key)
            raise KeyError(key)

        def __setitem__(self, key, value):
            if key in self.cache:
                self.cache.move_to_end(key)
            self.cache[key] = value
            self.timestamps[key] = timer()
            if len(self.cache) > self.maxsize:
                self.cache.popitem(last=False)
                self.timestamps.popitem(last=False)

    cache = Cache(maxsize, ttl)

    @wraps
    def decorator(funzione):
        def wrapper(*args, **kwargs):
            chiave = args if not typed else (type(arg) for arg in args)
            try:
                return cache[chiave]
            except KeyError:
                risultato = funzione(*args, **kwargs)
                cache[chiave] = risultato
                return risultato
        return wrapper

    return decorator",n,b,n,
62b8d23b48ba5a41d1c3f49a,"def mru_cache(maxsize=128, typed=False):
    """"""
    Decorator per racchiudere una funzione con un oggetto richiamabile che memorizza
    fino a `maxsize` risultati basandosi su un algoritmo di tipo Most Recently Used (MRU).
    """"""","def mru_cache(maxsize=128, typed=False):
    """"""
    Decorator per racchiudere una funzione con un oggetto richiamabile che memorizza
    fino a `maxsize` risultati basandosi su un algoritmo di tipo Most Recently Used (MRU).
    """"""
    from collections import OrderedDict
    from functools import wraps

    class Cache:
        def __init__(self, maxsize):
            self.maxsize = maxsize
            self.cache = OrderedDict()

        def __call__(self, key):
            if key in self.cache:
                self.cache.move_to_end(key)
                return self.cache[key]
            return None

        def __setitem__(self, key, value):
            if key in self.cache:
                self.cache.move_to_end(key)
            self.cache[key] = value
            if len(self.cache) > self.maxsize:
                self.cache.popitem(last=False)

    def decorator(funzione):
        cache = Cache(maxsize)

        @wraps(funzione)
        def wrapper(*args, **kwargs):
            chiave = args if not typed else (type(arg) for arg in args)
            risultato = cache[chiave]
            if risultato is None:
                risultato = funzione(*args, **kwargs)
                cache[chiave] = risultato
            return risultato

        return wrapper

    return decorator",n,b,n,
62b8d23948ba5a41d1c3f498,"def lru_cache(maxsize=128, typed=False):
    """"""
    Decorator per racchiudere una funzione con un oggetto callable che memorizza
    fino a `maxsize` risultati basandosi su un algoritmo Least Recently Used (LRU).
    """"""","def lru_cache(maxsize=128, typed=False):
    """"""
    Decorator per racchiudere una funzione con un oggetto callable che memorizza
    fino a `maxsize` risultati basandosi su un algoritmo Least Recently Used (LRU).
    """"""
    from collections import OrderedDict
    from functools import wraps

    def decoratore(funzione):
        cache = OrderedDict()

        @wraps(funzione)
        def wrapper(*args, **kwargs):
            chiave = args if not typed else (args, frozenset(kwargs.items()))
            if chiave in cache:
                cache.move_to_end(chiave)
                return cache[chiave]
            risultato = funzione(*args, **kwargs)
            cache[chiave] = risultato
            if len(cache) > maxsize:
                cache.popitem(last=False)
            return risultato

        return wrapper

    return decoratore",n,b,n,
62b8d23748ba5a41d1c3f496,"def lfu_cache(maxsize=128, typed=False):
    """"""
    Decorator per racchiudere una funzione con un oggetto callable di memoizzazione
    che salva fino a `maxsize` risultati basandosi su un algoritmo Least Frequently Used (LFU).
    """"""","def lfu_cache(maxsize=128, typed=False):
    """"""
    Decorator per racchiudere una funzione con un oggetto callable di memoizzazione
    che salva fino a `maxsize` risultati basandosi su un algoritmo Least Frequently Used (LFU).
    """"""
    from collections import defaultdict, OrderedDict
    import functools

    class LFUCache:
        def __init__(self, maxsize):
            self.maxsize = maxsize
            self.cache = {}
            self.freq = defaultdict(OrderedDict)
            self.min_freq = 0

        def get(self, key):
            if key not in self.cache:
                return None
            value, freq = self.cache[key]
            del self.freq[freq][key]
            if not self.freq[freq]:
                del self.freq[freq]
                if self.min_freq == freq:
                    self.min_freq += 1
            self.freq[freq + 1][key] = value
            self.cache[key] = (value, freq + 1)
            return value

        def put(self, key, value):
            if key in self.cache:
                self.get(key)  # Aggiorna la frequenza
                self.cache[key] = (value, self.cache[key][1])
                return
            if len(self.cache) >= self.maxsize:
                evict_key, _ = self.freq[self.min_freq].popitem(last=False)
                del self.cache[evict_key]
            self.cache[key] = (value, 1)
            self.freq[1][key] = value
            self.min_freq = 1

    def decorator(func):
        cache = LFUCache(maxsize)

        @functools.wraps(func)
        def wrapper(*args, **kwargs):
            if typed:
                key = (args, frozenset(kwargs.items()))
            else:
                key = (tuple(args), frozenset((k, v) for k, v in kwargs.items()))
            result = cache.get(key)
            if result is None:
                result = func(*args, **kwargs)
                cache.put(key, result)
            return result

        return wrapper

    return decorator",i,e,n,
62b8d22f48ba5a41d1c3f488,"
def popitem(self):
""""""

Rimuove e restituisce la coppia `(chiave, valore)` inserita per prima.
""""""","def popitem(self):
    """"""
    Rimuove e restituisce la coppia `(chiave, valore)` inserita per prima.
    """"""
    if not self:
        raise KeyError(""Il dizionario è vuoto."")
    
    chiave_prima = next(iter(self))
    valore_prima = self[chiave_prima]
    del self[chiave_prima]
    
    return chiave_prima, valore_prima",n,i,i,
62b8d22a48ba5a41d1c3f47e,"
def setdefault(self, key, default=None):
""""""

`D.setdefault(k[,d]) -> D.get(k,d)`, imposta anche `D[k]=d` se `k` non è presente in `D`.
""""""","def setdefault(self, chiave, default=None):
    """"""
    `D.setdefault(k[,d]) -> D.get(k,d)`, imposta anche `D[k]=d` se `k` non è presente in `D`.
    """"""
    if chiave not in self:
        self[chiave] = default
    return self[chiave]",n,i,n,signature translated
62b8d22948ba5a41d1c3f47c,"
def get(self, key, default=None):
""""""

`D.get(k[, d]) -> D[k]` se `k` è presente in `D`, altrimenti `d`. Il valore predefinito di `d` è `None`.
""""""","def get(self, chiave, predefinito=None):
    """"""
    `D.get(k[, d]) -> D[k]` se `k` è presente in `D`, altrimenti `d`. Il valore predefinito di `d` è `None`.
    """"""
    if chiave in self:
        return self[chiave]
    else:
        return predefinito",n,i,n,signature translated
62b8d22548ba5a41d1c3f472,"
def cachedmethod(cache, key=hashkey, lock=None):
""""""

Decorator per racchiudere un metodo di classe o di istanza con una funzione memoizzante che salva i risultati in una cache.
""""""","def cachedmethod(cache, key=hashkey, lock=None):
    """"""
    Decorator per racchiudere un metodo di classe o di istanza con una funzione memoizzante che salva i risultati in una cache.
    """"""
    def decoratore(metodo):
        def wrapper(self, *args, **kwargs):
            chiave = key(self, *args, **kwargs)
            if chiave in cache:
                return cache[chiave]
            with (lock if lock else dummy_lock):
                if chiave not in cache:
                    risultato = metodo(self, *args, **kwargs)
                    cache[chiave] = risultato
            return cache[chiave]
        return wrapper
    return decoratore",n,b,n,
62b8c517e0d34b282c18122e,"def extostr(cls, e, max_level=30, max_path_level=5):
""""""

Formatta un'eccezione.  
:param e: Qualsiasi istanza di eccezione.  
:type e: Exception  
:param max_level: Livello massimo dello stack delle chiamate (predefinito 30)  
:type max_level: int  
:param max_path_level: Livello massimo del percorso (predefinito 5)  
:type max_path_level: int  
:return: La stringa leggibile dell'eccezione  
:rtype: str  
""""""","def extostr(cls, e, max_level=30, max_path_level=5):
    """"""
    Formattta un'eccezione.  
    :param e: Qualsiasi istanza di eccezione.  
    :type e: Exception  
    :param max_level: Livello massimo dello stack delle chiamate (predefinito 30)  
    :type max_level: int  
    :param max_path_level: Livello massimo del percorso (predefinito 5)  
    :type max_path_level: int  
    :return: La stringa leggibile dell'eccezione  
    :rtype: str  
    """"""
    import traceback

    # Ottieni il tipo e il valore dell'eccezione
    tipo_eccezione = type(e).__name__
    valore_eccezione = str(e)

    # Ottieni il traceback
    tb = traceback.extract_tb(e.__traceback__)
    tracce = []

    # Limita il numero di tracce in base a max_level
    for i, (file, linea, funzione, testo) in enumerate(tb):
        if i >= max_level:
            break
        tracce.append(f'File ""{file}"", linea {linea}, in {funzione}\n    {testo}')

    # Limita il numero di percorsi in base a max_path_level
    percorso = ""\n"".join(tracce[:max_path_level])

    # Crea la stringa finale
    risultato = f""{tipo_eccezione}: {valore_eccezione}\n""
    risultato += ""\n"".join(tracce)

    return risultato",i,b,i,
62b8bbbfe0d34b282c18120f,"def file_to_textbuffer(file_name, encoding):
    """"""
    Carica un file in un buffer di testo (UTF-8), utilizzando la codifica specificata durante la lettura.
    ATTENZIONE: Questo metodo leggerà l'intero file IN MEMORIA.
    :param file_name: Nome del file.
    :type file_name: str
    :param encoding: Codifica da utilizzare.
    :type encoding: str
    :return: Un buffer di testo o None in caso di errore.
    :rtype: str
    """"""","def file_to_textbuffer(file_name, encoding):
    """"""
    Carica un file in un buffer di testo (UTF-8), utilizzando la codifica specificata durante la lettura.
    ATTENZIONE: Questo metodo leggerà l'intero file IN MEMORIA.
    :param file_name: Nome del file.
    :type file_name: str
    :param encoding: Codifica da utilizzare.
    :type encoding: str
    :return: Un buffer di testo o None in caso di errore.
    :rtype: str
    """"""
    try:
        with open(file_name, 'r', encoding=encoding) as file:
            buffer_testo = file.read()
        return buffer_testo
    except Exception as e:
        return None",n,b,n,
62b8b99de0d34b282c1811f8,"def _reset_logging(cls):  
""""""
Reimposta
""""""","def _reset_logging(cls):  
    """"""
    Reimposta
    """"""
    import logging
    logging.basicConfig(level=logging.NOTSET)
    for handler in logging.root.handlers[:]:
        logging.root.removeHandler(handler)",n,e,n,
62b8b59feb7e40a82d2d1291,"def _getTargetClass(self):
""""""
Definire questo metodo per restituire l'implementazione in uso, 
senza il suffisso 'Py' o 'Fallback'.
""""""","def _getTargetClass(self):
    """"""
    Definire questo metodo per restituire l'implementazione in uso, 
    senza il suffisso 'Py' o 'Fallback'.
    """"""
    classe_target = self.__class__.__name__
    if classe_target.endswith('Py'):
        return classe_target[:-2]
    elif classe_target.endswith('Fallback'):
        return classe_target[:-8]
    return classe_target",n,i,n,
62b8b590eb7e40a82d2d1275,"def _legacy_mergeOrderings(orderings):
""""""

Unisci più ordinamenti in modo che l'ordine all'interno di ciascun ordinamento venga preservato.

Gli ordinamenti sono vincolati in modo tale che, se un oggetto appare in due o più ordinamenti, il suffisso che inizia con l'oggetto deve essere presente in entrambi gli ordinamenti.

Ad esempio:


>>> _mergeOrderings([
... ['x', 'y', 'z'],
... ['q', 'z'],
... [1, 3, 5],
... ['z']
... ])
['x', 'y', 'q', 1, 3, 5, 'z']
""""""","def _legacy_mergeOrderings(ordinamenti):
    """"""
    Unisci più ordinamenti in modo che l'ordine all'interno di ciascun ordinamento venga preservato.

    Gli ordinamenti sono vincolati in modo tale che, se un oggetto appare in due o più ordinamenti, il suffisso che inizia con l'oggetto deve essere presente in entrambi gli ordinamenti.

    Ad esempio:

    >>> _mergeOrderings([
    ... ['x', 'y', 'z'],
    ... ['q', 'z'],
    ... [1, 3, 5],
    ... ['z']
    ... ])
    ['x', 'y', 'q', 1, 3, 5, 'z']
    """"""
    risultato = []
    posizioni = {}

    for ordinamento in ordinamenti:
        for elemento in ordinamento:
            if elemento not in posizioni:
                posizioni[elemento] = len(risultato)
                risultato.append(elemento)
            else:
                indice = posizioni[elemento]
                if indice < len(risultato) and risultato[indice] == elemento:
                    continue
                else:
                    risultato.append(elemento)
                    posizioni[elemento] = len(risultato) - 1

    return risultato",n,i,n,signature translated
62b8b559eb7e40a82d2d11f8,"def minimalBases(classes):
""""""
Riduce una lista di classi base al suo equivalente minimo ordinato.
""""""","def minimalBases(classi):
    """"""
    Riduce una lista di classi base al suo equivalente minimo ordinato.
    """"""
    classi_minime = list(set(classi))  # Rimuove duplicati
    classi_minime.sort()  # Ordina la lista
    return classi_minime",i,i,n,signature translated
62b8b416eb7e40a82d2d1129,"
def names(self, all=False): # pylint:disable=redefined-builtin
    """"""Restituisce i nomi degli attributi definiti dall'interfaccia.""""""
    if not all:
","def names(self, all=False): # pylint:disable=redefined-builtin
    """"""Restituisce i nomi degli attributi definiti dall'interfaccia.""""""
    if not all:
        return [nome for nome in dir(self) if not nome.startswith('_')]
    return dir(self)",n,i,n,
62b8b3d5eb7e40a82d2d1110,"
def _c_optimizations_available():
""""""

Restituisce il modulo di ottimizzazione C, se disponibile, altrimenti un valore falso.

Se le ottimizzazioni sono richieste ma non disponibili, viene sollevata un'eccezione `ImportError`.

Questo non specifica se le ottimizzazioni debbano essere utilizzate o meno.
""""""","def _c_optimizations_available():
    """"""
    Restituisce il modulo di ottimizzazione C, se disponibile, altrimenti un valore falso.

    Se le ottimizzazioni sono richieste ma non disponibili, viene sollevata un'eccezione `ImportError`.

    Questo non specifica se le ottimizzazioni debbano essere utilizzate o meno.
    """"""
    try:
        import c_optimizations  # Prova a importare il modulo di ottimizzazione C
        return c_optimizations  # Restituisce il modulo se disponibile
    except ImportError:
        raise ImportError(""Le ottimizzazioni C non sono disponibili."")  # Solleva un'eccezione se non disponibile",i,e,i,
62b8b3d4eb7e40a82d2d110f,"
def _should_attempt_c_optimizations():
""""""

Restituisce un valore vero se dovremmo tentare di utilizzare le ottimizzazioni in C.

Questo tiene conto del fatto che stiamo utilizzando PyPy e del valore della variabile di ambiente  
``PURE_PYTHON``, come definito in `_use_c_impl`.
""""""","def _should_attempt_c_optimizations():
    """"""
    Restituisce un valore vero se dovremmo tentare di utilizzare le ottimizzazioni in C.

    Questo tiene conto del fatto che stiamo utilizzando PyPy e del valore della variabile di ambiente  
    ``PURE_PYTHON``, come definito in `_use_c_impl`.
    """"""
    import os
    import sys

    # Controlla se stiamo usando PyPy
    se sys.version.startswith(""PyPy""):
        return True

    # Controlla la variabile di ambiente PURE_PYTHON
    se os.getenv(""PURE_PYTHON"") is None:
        return True

    return False",i,n,n,
62b8b3d4eb7e40a82d2d110e,"
def _c_optimizations_ignored():
""""""
L'opposto di `_c_optimizations_required`.
""""""","def _c_optimizations_ignored():
    """"""
    L'opposto di `_c_optimizations_required`.
    """"""
    # Implementazione della funzione
    return True  # Supponiamo che la funzione ritorni True per indicare che le ottimizzazioni sono ignorate",i,n,n,
62b8b3d4eb7e40a82d2d110d,"
def _c_optimizations_required():
    """"""
    Restituisce un valore vero se le ottimizzazioni in C sono richieste.

    Questo utilizza la variabile ``PURE_PYTHON`` come     
    documentato in `_use_c_impl`.
    """"""
","def _c_optimizations_required():
    """"""
    Restituisce un valore vero se le ottimizzazioni in C sono richieste.

    Questo utilizza la variabile ``PURE_PYTHON`` come     
    documentato in `_use_c_impl`.
    """"""
    return not PURE_PYTHON",n,e,n,
62b87b989a0c4fa8b80b35ee,"
def reset(self):
    """"""
    Reimposta l'istogramma.

    Il contesto attuale viene reimpostato a un dizionario vuoto.
    I bin vengono reinizializzati con il *valore_iniziale*
    o con *make_bins()* (a seconda dell'inizializzazione).
    """"""
","def reset(self):
    """"""
    Reimposta l'istogramma.

    Il contesto attuale viene reimpostato a un dizionario vuoto.
    I bin vengono reinizializzati con il *valore_iniziale*
    o con *make_bins()* (a seconda dell'inizializzazione).
    """"""
    self.contesto = {}
    if hasattr(self, 'valore_iniziale'):
        self.bin = {k: self.valore_iniziale for k in self.bin}
    else:
        self.bin = self.make_bins()",n,i,n,
62b87b859a0c4fa8b80b35d7,"def to_csv(self, separator="","", header=None):
""""""

.. deprecated:: 0.5 in Lena 0.5 to_csv non è più utilizzato.  
      Gli iterabili vengono convertiti in tabelle.

Converte i punti del grafico in formato CSV.

*separator* delimita i valori, il valore predefinito è la virgola.

*header*, se non è ``None``, è la prima stringa dell'output  
(una nuova riga viene aggiunta automaticamente).

Poiché un grafico può essere multidimensionale,  
per ogni punto, prima le sue coordinate vengono convertite in stringa  
(separate da *separator*), poi ogni parte del suo valore.


Per convertire un :class:`Graph` in formato CSV all'interno di una sequenza Lena,  
utilizzare :class:`lena.output.ToCSV`.
""""""","def to_csv(self, separator="","", header=None):
    """"""
    .. deprecated:: 0.5 in Lena 0.5 to_csv non è più utilizzato.  
          Gli iterabili vengono convertiti in tabelle.

    Converte i punti del grafico in formato CSV.

    *separator* delimita i valori, il valore predefinito è la virgola.

    *header*, se non è ``None``, è la prima stringa dell'output  
    (una nuova riga viene aggiunta automaticamente).

    Poiché un grafico può essere multidimensionale,  
    per ogni punto, prima le sue coordinate vengono convertite in stringa  
    (separate da *separator*), poi ogni parte del suo valore.

    Per convertire un :class:`Graph` in formato CSV all'interno di una sequenza Lena,  
    utilizzare :class:`lena.output.ToCSV`.
    """"""
    righe = []
    
    if header is not None:
        righe.append(header)
    
    for punto in self.punti:
        coordinate = separator.join(map(str, punto.coordinate))
        valori = separator.join(map(str, punto.valore))
        righe.append(f""{coordinate}{separator}{valori}"")
    
    return ""\n"".join(righe)",n,b,n,
62b87b199a0c4fa8b80b354e,"def is_fill_request_seq(seq):
""""""

Verifica se *seq* può essere convertito in un oggetto di tipo FillRequestSeq.

Restituisce `True` solo se *seq* è un elemento di tipo FillRequest  
o contiene almeno un elemento di questo tipo,  
e non è una sequenza di tipo Source.
""""""","def is_fill_request_seq(seq):
    """"""
    Verifica se *seq* può essere convertito in un oggetto di tipo FillRequestSeq.

    Restituisce `True` solo se *seq* è un elemento di tipo FillRequest  
    o contiene almeno un elemento di questo tipo,  
    e non è una sequenza di tipo Source.
    """"""
    if isinstance(seq, FillRequest):
        return True
    elif isinstance(seq, list) and any(isinstance(item, FillRequest) for item in seq):
        return True
    elif isinstance(seq, Source):
        return False
    return False",n,e,n,
62b87b099a0c4fa8b80b3538,"
def is_fill_request_el(obj):
""""""

L'oggetto contiene i metodi eseguibili `fill` e `request`.
""""""","def is_fill_request_el(obj):
    """"""
    L'oggetto contiene i metodi eseguibili `fill` e `request`.
    """"""
    return hasattr(obj, 'fill') and callable(getattr(obj, 'fill')) and hasattr(obj, 'request') and callable(getattr(obj, 'request'))",n,e,n,
62b87af99a0c4fa8b80b3524,"
def is_run_el(obj):
    """"""
     Controlla se l'oggetto contiene il metodo eseguibile 'run'.
    """"""
","def is_run_el(obj):
    """"""
     Controlla se l'oggetto contiene il metodo eseguibile 'run'.
    """"""
    return hasattr(obj, 'run') and callable(getattr(obj, 'run'))",n,e,n,
62b87af69a0c4fa8b80b351a,"def is_fill_compute_el(obj):
     """"""
    Verifica se l'oggetto contiene i metodi eseguibili 'fill' e 'compute'.
    return callable(getattr(obj, 'fill', None)) and callable(getattr(obj, 'compute', None))
     """"""","def is_fill_compute_el(obj):
    """"""
    Verifica se l'oggetto contiene i metodi eseguibili 'fill' e 'compute'.
    """"""
    return callable(getattr(obj, 'fill', None)) and callable(getattr(obj, 'compute', None))",n,e,n,
62b87af09a0c4fa8b80b34f1,"def fill(self, coord, weight=1):
""""""

Riempie l'istogramma alla posizione *coord* con il peso specificato *weight*.
""""""","def fill(self, coord, weight=1):
    """"""
    Riempie l'istogramma alla posizione *coord* con il peso specificato *weight*.
    """"""
    if coord < 0 or coord >= len(self.istogramma):
        raise IndexError(""La coordinata è fuori dai limiti dell'istogramma."")
    
    self.istogramma[coord] += weight",n,b,i,
62b86a9eb4d922cb0e688d25,"def _get_resource_name_regex():`
""""""
Crea o restituisci le espressioni regolari utilizzate per convalidare il nome delle risorse Krake.

**Restituisce:**  
    `(re.Pattern)`: le espressioni regolari compilate, utilizzate per convalidare il nome della risorsa.
""""""","import re

def _get_resource_name_regex():
    """"""
    Crea o restituisci le espressioni regolari utilizzate per convalidare il nome delle risorse Krake.

    **Restituisce:**  
        `(re.Pattern)`: le espressioni regolari compilate, utilizzate per convalidare il nome della risorsa.
    """"""
    # Definisci l'espressione regolare per il nome della risorsa
    espressione_regolare = r'^[a-zA-Z0-9-_]+$'
    # Compila l'espressione regolare
    return re.compile(espressione_regolare)",i,i,n,
62b86a4fb4d922cb0e688cf8,"
def validate_value(value):
""""""
Convalida il valore fornito rispetto alla corrispondente espressione regolare.

Argomenti:
    value: la stringa da convalidare

Eccezioni:
    ValidationError: se il valore fornito non è conforme all'espressione regolare.
""""""","import re

class ValidationError(Exception):
    pass

def validate_value(valore):
    """"""
    Convalida il valore fornito rispetto alla corrispondente espressione regolare.

    Argomenti:
        valore: la stringa da convalidare

    Eccezioni:
        ValidationError: se il valore fornito non è conforme all'espressione regolare.
    """"""
    espressione_regolare = r'^[a-zA-Z0-9]+$'  # Esempio di espressione regolare
    if not re.match(espressione_regolare, valore):
        raise ValidationError(f""Il valore '{valore}' non è conforme all'espressione regolare."")",i,i,i,signature translated
62b86a01b4d922cb0e688ccc,"def generate_default_observer_schema_dict(manifest_dict, first_level=False):
""""""
Insieme alla funzione :func:`generate_default_observer_schema_list`, questa funzione viene chiamata ricorsivamente per generare una parte dello schema predefinito `observer_schema` a partire da una risorsa Kubernetes, definita rispettivamente da `manifest_dict` o `manifest_list`.

### Argomenti:
- **manifest_dict (dict)**: Risorse Kubernetes parziali.
- **first_level (bool, opzionale)**: Se impostato su True, indica che il dizionario rappresenta l'intero schema `observer_schema` di una risorsa Kubernetes.

### Ritorna:
- **dict**: Lo schema parziale `observer_schema` generato.

Questa funzione crea un nuovo dizionario a partire da `manifest_dict` e sostituisce tutti i valori che non sono liste o dizionari con `None`.

Nel caso di un dizionario `first_level` (ovvero lo schema completo `observer_schema` per una risorsa), i valori dei campi identificativi vengono copiati dal file manifest.
""""""","def generate_default_observer_schema_dict(manifest_dict, first_level=False):
    """"""
    Insieme alla funzione :func:`generate_default_observer_schema_list`, questa funzione viene chiamata ricorsivamente per generare una parte dello schema predefinito `observer_schema` a partire da una risorsa Kubernetes, definita rispettivamente da `manifest_dict` o `manifest_list`.

    ### Argomenti:
    - **manifest_dict (dict)**: Risorse Kubernetes parziali.
    - **first_level (bool, opzionale)**: Se impostato su True, indica che il dizionario rappresenta l'intero schema `observer_schema` di una risorsa Kubernetes.

    ### Ritorna:
    - **dict**: Lo schema parziale `observer_schema` generato.

    Questa funzione crea un nuovo dizionario a partire da `manifest_dict` e sostituisce tutti i valori che non sono liste o dizionari con `None`.

    Nel caso di un dizionario `first_level` (ovvero lo schema completo `observer_schema` per una risorsa), i valori dei campi identificativi vengono copiati dal file manifest.
    """"""
    schema_dict = {}
    
    for chiave, valore in manifest_dict.items():
        if isinstance(valore, dict):
            schema_dict[chiave] = generate_default_observer_schema_dict(valore, first_level)
        elif isinstance(valore, list):
            schema_dict[chiave] = [generate_default_observer_schema_dict(item, first_level) if isinstance(item, dict) else None for item in valore]
        else:
            if first_level and chiave in ['name', 'namespace', 'kind', 'apiVersion']:
                schema_dict[chiave] = valore
            else:
                schema_dict[chiave] = None
                
    return schema_dict",n,b,n,
62b869ebb4d922cb0e688cc6,"
def update_last_applied_manifest_list_from_resp(
    last_applied_manifest, observer_schema, response
):
""""""
Insieme alla funzione :func:``update_last_applied_manifest_dict_from_resp``, 
questa funzione viene chiamata ricorsivamente per aggiornare un 
``last_applied_manifest`` parziale a partire da una risposta parziale di Kubernetes.

Argomenti:
    last_applied_manifest (list): ``last_applied_manifest`` parziale in fase di aggiornamento.
    observer_schema (list): ``observer_schema`` parziale.
    response (list): risposta parziale dall'API di Kubernetes.

Questa funzione attraversa tutti i campi osservati e inizializza il loro valore 
in ``last_applied_manifest`` se non sono ancora presenti.
""""""","def update_last_applied_manifest_list_from_resp(
    last_applied_manifest, observer_schema, response
):
    """"""
    Insieme alla funzione :func:``update_last_applied_manifest_dict_from_resp``, 
    questa funzione viene chiamata ricorsivamente per aggiornare un 
    ``last_applied_manifest`` parziale a partire da una risposta parziale di Kubernetes.

    Argomenti:
        last_applied_manifest (list): ``last_applied_manifest`` parziale in fase di aggiornamento.
        observer_schema (list): ``observer_schema`` parziale.
        response (list): risposta parziale dall'API di Kubernetes.

    Questa funzione attraversa tutti i campi osservati e inizializza il loro valore 
    in ``last_applied_manifest`` se non sono ancora presenti.
    """"""
    for campo in observer_schema:
        if campo not in last_applied_manifest:
            if campo in response:
                last_applied_manifest[campo] = response[campo]
            else:
                last_applied_manifest[campo] = None
    return last_applied_manifest",n,b,n,
62b869eab4d922cb0e688cc5,"def update_last_applied_manifest_dict_from_resp(
    last_applied_manifest, observer_schema, response
):

Insieme alla funzione :func:``update_last_applied_manifest_list_from_resp``, 
questa funzione viene chiamata ricorsivamente per aggiornare un 
``last_applied_manifest`` parziale a partire da una risposta parziale di Kubernetes.

Argomenti:
    last_applied_manifest (dict): ``last_applied_manifest`` parziale in fase di aggiornamento
    observer_schema (dict): ``observer_schema`` parziale
    response (dict): risposta parziale dall'API di Kubernetes.

Eccezioni:
    KeyError: Se il campo osservato non è presente nella risposta di Kubernetes.

Questa funzione analizza tutti i campi osservati e inizializza il loro valore 
in ``last_applied_manifest`` se non sono ancora presenti.
```","def update_last_applied_manifest_dict_from_resp(
    last_applied_manifest, observer_schema, response
):
    """"""
    Insieme alla funzione :func:``update_last_applied_manifest_list_from_resp``, 
    questa funzione viene chiamata ricorsivamente per aggiornare un 
    ``last_applied_manifest`` parziale a partire da una risposta parziale di Kubernetes.

    Argomenti:
        last_applied_manifest (dict): ``last_applied_manifest`` parziale in fase di aggiornamento
        observer_schema (dict): ``observer_schema`` parziale
        response (dict): risposta parziale dall'API di Kubernetes.

    Eccezioni:
        KeyError: Se il campo osservato non è presente nella risposta di Kubernetes.

    Questa funzione analizza tutti i campi osservati e inizializza il loro valore 
    in ``last_applied_manifest`` se non sono ancora presenti.
    """"""
    for chiave, valore in observer_schema.items():
        if isinstance(valore, dict):
            # Se il valore è un dizionario, chiama ricorsivamente la funzione
            if chiave not in last_applied_manifest:
                last_applied_manifest[chiave] = {}
            update_last_applied_manifest_dict_from_resp(
                last_applied_manifest[chiave], valore, response.get(chiave, {})
            )
        else:
            # Se il valore non è un dizionario, controlla se è presente nella risposta
            if chiave not in last_applied_manifest:
                if chiave not in response:
                    raise KeyError(f""Il campo '{chiave}' non è presente nella risposta di Kubernetes."")
                last_applied_manifest[chiave] = response[chiave]",i,b,i,
62b869eab4d922cb0e688cbf,"def generate_default_observer_schema(app):
""""""

Genera lo schema di osservazione predefinito per ogni risorsa Kubernetes presente in
``spec.manifest`` per la quale non è stato specificato uno schema di osservazione personalizzato.

Argomenti:
    app (krake.data.kubernetes.Application): L'applicazione per la quale generare uno
        schema di osservazione predefinito.
""""""","def generate_default_observer_schema(app):
    """"""
    Genera lo schema di osservazione predefinito per ogni risorsa Kubernetes presente in
    ``spec.manifest`` per la quale non è stato specificato uno schema di osservazione personalizzato.

    Argomenti:
        app (krake.data.kubernetes.Application): L'applicazione per la quale generare uno
            schema di osservazione predefinito.
    """"""
    schema_predefinito = {}
    risorse = app.spec.manifest

    for risorsa in risorse:
        if 'schema_osservazione' not in risorsa:
            schema_predefinito[risorsa['nome']] = {
                'tipo': risorsa['tipo'],
                'osservazione': 'predefinito'
            }

    return schema_predefinito",n,b,n,
62b43428903eeb48555d3eaa,"def formatmany(
                self,
                sql: AnyStr,
                many_params: Union[Iterable[Dict[Union[str, int], Any]], Iterable[Sequence[Any]]],
        ) -> Tuple[AnyStr, Union[List[Dict[Union[str, int], Any]], List[Sequence[Any]]]]:
```

Converte la query SQL per utilizzare i parametri in stile ""out"" invece dei parametri in stile ""in"".

- **sql** (:class:`str` o :class:`bytes`) è la query SQL.

- **many_params** (:class:`~collections.abc.Iterable`) contiene ogni set di parametri in stile ""in"" (*params*).

  - **params** (:class:`~collections.abc.Mapping` o :class:`~collections.abc.Sequence`) contiene il set di parametri in stile ""in"". Mappa ogni parametro (:class:`str` o :class:`int`) a un valore. Se :attr:`.SQLParams.in_style` è uno stile di parametro nominato, allora *params* deve essere un oggetto di tipo :class:`~collections.abc.Mapping`. Se :attr:`.SQLParams.in_style` è uno stile di parametro ordinale, allora *params* deve essere un oggetto di tipo :class:`~collections.abc.Sequence`.

Restituisce una :class:`tuple` contenente:

- La query SQL formattata (:class:`str` o :class:`bytes`).

- Una :class:`list` contenente ogni set di parametri convertiti in stile ""out"" (:class:`dict` o :class:`list`).","def formatmany(
                self,
                sql: AnyStr,
                many_params: Union[Iterable[Dict[Union[str, int], Any]], Iterable[Sequence[Any]]],
        ) -> Tuple[AnyStr, Union[List[Dict[Union[str, int], Any]], List[Sequence[Any]]]]:
    """"""
    Converte la query SQL per utilizzare i parametri in stile ""out"" invece dei parametri in stile ""in"".

    - **sql** (:class:`str` o :class:`bytes`) è la query SQL.

    - **many_params** (:class:`~collections.abc.Iterable`) contiene ogni set di parametri in stile ""in"" (*params*).

      - **params** (:class:`~collections.abc.Mapping` o :class:`~collections.abc.Sequence`) contiene il set di parametri in stile ""in"". Mappa ogni parametro (:class:`str` o :class:`int`) a un valore. Se :attr:`.SQLParams.in_style` è uno stile di parametro nominato, allora *params* deve essere un oggetto di tipo :class:`~collections.abc.Mapping`. Se :attr:`.SQLParams.in_style` è uno stile di parametro ordinale, allora *params* deve essere un oggetto di tipo :class:`~collections.abc.Sequence`.

    Restituisce una :class:`tuple` contenente:

    - La query SQL formattata (:class:`str` o :class:`bytes`).

    - Una :class:`list` contenente ogni set di parametri convertiti in stile ""out"" (:class:`dict` o :class:`list`).
    """"""
    parametri_out = []
    for params in many_params:
        if isinstance(params, dict):
            parametri_out.append({k: v for k, v in params.items()})
        elif isinstance(params, (list, tuple)):
            parametri_out.append(list(params))
    
    sql_formattata = sql  # Qui si dovrebbe implementare la logica per convertire la query SQL
    return sql_formattata, parametri_out",i,b,n,
62b45df05108cfac7f2109ce,"
def validate(self, path):
""""""

Valida l'oggetto OCFL nel percorso specificato o nella radice di pyfs.
""""""","def validate(self, path):
    """"""
    Valida l'oggetto OCFL nel percorso specificato o nella radice di pyfs.
    """"""
    import os

    if not os.path.exists(path):
        raise FileNotFoundError(f""Il percorso {path} non esiste."")

    # Logica per validare l'oggetto OCFL
    # Questo è un esempio di validazione
    if not os.path.isdir(path):
        raise ValueError(f""Il percorso {path} non è una directory valida."")

    # Aggiungi ulteriori controlli di validazione qui
    # ...

    return True  # Restituisce True se la validazione ha successo",i,e,i,