id,iter,italian_nloc,italian_ccn,italian_token_count,italian_param_count,italian_length,italian_top_nesting_level,italian_flake8,italian_pylint,english_nloc,english_ccn,english_token_count,english_param_count,english_length,english_top_nesting_level,english_flake8,english_pylint,chinese_nloc,chinese_ccn,chinese_token_count,chinese_param_count,chinese_length,chinese_top_nesting_level,chinese_flake8,chinese_pylint,hindi_nloc,hindi_ccn,hindi_token_count,hindi_param_count,hindi_length,hindi_top_nesting_level,hindi_flake8,hindi_pylint,spanish_nloc,spanish_ccn,spanish_token_count,spanish_param_count,spanish_length,spanish_top_nesting_level,spanish_flake8,spanish_pylint
ClassEval_0::filter,0,9,5,60,2,17,1,2,7,11,6,88,2,20,1,3,8,9,5,69,2,17,1,1,7,15,6,117,2,24,1,2,8,14,8,112,2,23,1,6,8
ClassEval_0::get_jwt_user,0,8,4,56,2,16,1,4,6,8,4,56,2,16,1,4,6,11,3,78,2,19,1,4,8,9,6,58,2,17,1,4,6,8,4,56,2,16,1,4,7
ClassEval_0::is_start_with,0,2,2,22,2,11,1,3,4,2,2,22,2,11,1,3,4,2,2,22,2,12,1,3,5,3,2,31,2,12,1,2,4,2,2,22,2,11,1,4,4
ClassEval_0::set_current_user_info_and_log,0,2,1,15,2,11,1,4,6,2,1,15,2,10,1,3,6,2,1,15,2,10,1,3,6,2,1,15,2,11,1,4,7,2,1,15,2,10,1,3,6
ClassEval_10::calculate_binary_info,0,9,2,92,1,16,1,5,11,9,2,92,1,16,1,5,11,9,2,92,1,16,1,4,10,9,2,92,1,16,1,5,11,7,2,86,1,13,1,4,10
ClassEval_10::clean_non_binary_chars,0,3,3,31,1,11,1,5,7,3,3,31,1,11,1,4,7,3,3,31,1,11,1,4,7,3,3,31,1,11,1,4,7,3,3,31,1,11,1,5,7
ClassEval_10::convert_to_ascii,0,7,2,61,1,14,1,3,7,7,2,61,1,14,1,3,7,7,2,61,1,14,1,3,7,7,2,61,1,14,1,3,7,7,2,61,1,14,1,3,7
ClassEval_10::convert_to_utf8,0,7,2,61,1,14,1,3,7,7,2,61,1,14,1,3,7,7,2,61,1,14,1,3,7,7,2,61,1,14,1,3,7,7,2,61,1,14,1,3,7
ClassEval_11::add,0,3,1,22,2,13,1,4,6,3,1,22,2,13,1,4,6,5,2,35,2,15,1,4,7,3,1,22,2,14,1,5,7,5,2,35,2,15,1,5,7
ClassEval_11::check,0,6,4,35,1,16,1,2,5,8,5,50,1,18,1,2,5,8,5,50,1,18,1,1,4,8,5,50,1,18,1,2,5,8,5,50,1,18,1,2,5
ClassEval_11::has,0,3,1,24,2,12,1,4,6,3,1,24,2,12,1,4,6,3,1,24,2,13,1,3,6,3,1,24,2,14,1,6,8,3,1,24,2,13,1,5,8
ClassEval_11::remove,0,3,1,23,2,13,1,4,6,3,1,23,2,13,1,4,7,3,1,23,2,13,1,3,6,3,1,23,2,14,1,5,7,3,1,23,2,13,1,4,7
ClassEval_12::calculate_hand_value,0,16,6,77,2,27,1,7,7,16,7,82,2,27,1,6,7,16,6,77,2,27,1,2,4,16,6,77,2,27,1,6,6,16,6,77,2,27,1,7,7
ClassEval_12::check_winner,0,15,8,75,3,26,1,7,11,19,9,84,3,30,1,5,11,16,8,75,3,27,1,2,8,19,9,84,3,30,1,5,11,16,7,71,3,27,1,6,12
ClassEval_12::create_deck,0,6,3,69,1,16,1,9,6,6,3,69,1,16,1,9,6,6,3,69,1,16,1,7,5,6,3,69,1,20,1,12,10,6,3,69,1,16,1,9,7
ClassEval_13::add_book,0,5,2,37,3,10,1,2,7,7,5,63,3,12,1,4,8,9,5,80,3,14,1,2,10,5,2,37,3,10,1,2,8,7,5,63,3,12,1,4,8
ClassEval_13::remove_book,0,14,7,103,3,20,1,4,11,10,6,83,3,16,1,3,11,14,7,103,3,20,1,2,11,12,7,97,3,18,1,3,11,13,7,85,3,19,1,2,9
ClassEval_13::view_book_quantity,0,2,1,19,2,11,1,2,6,2,1,19,2,11,1,2,6,2,1,19,2,11,1,1,5,2,1,19,2,11,1,2,6,2,1,19,2,11,1,2,6
ClassEval_13::view_inventory,0,2,1,10,1,11,1,2,5,2,1,10,1,11,1,2,5,2,1,10,1,11,1,1,5,2,1,10,1,11,1,1,5,2,1,10,1,11,1,2,5
ClassEval_14::add_book,0,3,1,31,3,12,1,4,8,3,1,31,3,12,1,3,8,3,1,31,3,12,1,2,7,3,1,31,3,12,1,2,7,3,1,31,3,12,1,4,8
ClassEval_14::borrow_book,0,3,1,28,2,9,1,3,7,3,1,28,2,9,1,3,7,3,1,28,2,9,1,2,7,3,1,28,2,9,1,3,8,3,1,28,2,9,1,3,7
ClassEval_14::create_table,0,3,1,21,1,8,1,2,7,3,1,21,1,8,1,3,7,3,1,21,1,8,1,2,7,3,1,21,1,8,1,3,7,3,1,21,1,8,1,2,7
ClassEval_14::remove_book,0,3,1,28,2,9,1,2,7,3,1,28,2,9,1,2,7,3,1,28,2,9,1,2,7,3,1,28,2,9,1,2,7,3,1,28,2,9,1,2,7
ClassEval_14::return_book,0,3,1,28,2,9,1,3,7,3,1,28,2,9,1,3,7,3,1,28,2,9,1,2,7,3,1,28,2,9,1,3,8,3,1,28,2,9,1,3,7
ClassEval_14::search_books,0,4,1,25,1,10,1,3,6,4,1,25,1,10,1,3,6,4,1,25,1,10,1,1,6,4,1,25,1,10,1,2,6,4,1,25,1,10,1,3,6
ClassEval_15::bad_character_heuristic,0,19,6,115,1,27,1,3,17,19,5,107,1,27,1,2,18,20,5,108,1,28,1,2,15,20,5,108,1,28,1,2,15,19,5,107,1,27,1,3,11
ClassEval_15::match_in_pattern,0,5,3,41,2,14,1,3,7,5,3,41,2,14,1,3,7,5,3,41,2,14,1,2,7,5,3,41,2,14,1,2,7,5,3,41,2,14,1,4,7
ClassEval_15::mismatch_in_text,0,5,3,48,2,14,1,4,10,5,3,48,2,14,1,4,10,5,3,48,2,14,1,2,9,5,3,48,2,14,1,3,9,5,3,48,2,14,1,4,10
ClassEval_16::apply_operator,0,12,4,87,3,21,1,3,8,14,6,105,3,23,1,2,9,16,6,117,3,25,1,1,8,12,4,88,3,21,1,2,8,12,4,87,3,21,1,2,8
ClassEval_16::calculate,0,56,34,425,2,64,1,10,20,47,23,285,2,55,1,7,17,45,23,279,2,53,1,6,16,47,23,285,2,57,1,9,20,59,32,400,2,67,1,6,17
ClassEval_16::precedence,0,9,4,41,2,19,1,3,6,9,4,33,2,19,1,3,6,9,4,33,2,19,1,2,5,9,4,41,2,19,1,2,6,9,4,33,2,19,1,3,6
ClassEval_17::add_event,0,2,1,16,2,10,1,3,7,2,1,16,2,10,1,3,7,2,1,16,2,10,1,3,7,2,1,16,2,10,1,3,7,2,1,16,2,10,1,3,7
ClassEval_17::get_available_slots,0,16,4,136,2,25,1,9,10,16,4,143,2,26,1,10,12,16,4,143,2,26,1,10,12,16,4,143,2,25,1,9,11,16,4,143,2,25,1,12,12
ClassEval_17::get_events,0,6,3,43,2,15,1,3,7,6,3,43,2,15,1,3,7,7,5,60,2,16,1,4,8,6,3,43,2,15,1,3,7,10,5,69,2,20,1,6,10
ClassEval_17::get_upcoming_events,0,3,2,41,2,13,1,6,8,3,2,41,2,12,1,5,8,3,2,41,2,14,1,5,9,5,2,41,2,15,1,3,8,14,5,91,2,25,1,7,9
ClassEval_17::is_available,0,7,4,45,3,18,1,8,8,7,4,45,3,17,1,4,7,7,4,45,3,17,1,3,6,7,4,42,3,17,1,4,6,7,4,45,3,17,1,7,7
ClassEval_17::remove_event,0,3,2,23,2,12,1,3,8,3,2,23,2,12,1,3,8,3,2,23,2,12,1,3,8,3,2,23,2,13,1,4,9,3,2,23,2,13,1,4,9
ClassEval_18::::delitem::,0,2,1,20,2,12,1,1,6,2,1,20,2,12,1,1,6,2,1,20,2,12,1,1,6,2,1,20,2,15,1,3,8,2,1,20,2,12,1,1,6
ClassEval_18::::getitem::,0,2,1,20,2,11,1,1,6,2,1,20,2,11,1,1,6,2,1,20,2,11,1,1,6,2,1,20,2,13,1,3,8,2,1,20,2,11,1,1,6
ClassEval_18::::iter::,0,2,1,13,1,12,1,1,5,2,1,13,1,12,1,1,5,2,1,13,1,12,1,1,5,2,1,13,1,12,1,1,5,2,1,13,1,12,1,1,5
ClassEval_18::::len::,0,2,1,13,1,12,1,1,5,2,1,13,1,12,1,1,5,2,1,13,1,12,1,1,5,2,1,13,1,12,1,1,5,2,1,13,1,12,1,1,5
ClassEval_18::::setitem::,0,2,1,23,3,12,1,1,6,2,1,23,3,12,1,1,6,2,1,23,3,12,1,1,6,2,1,23,3,12,1,1,6,2,1,23,3,12,1,1,6
ClassEval_18::_convert_key,0,2,1,15,2,10,1,1,5,2,1,15,2,10,1,1,5,2,1,15,2,10,1,1,5,2,1,15,2,10,1,1,5,2,1,15,2,10,1,1,5
ClassEval_18::_to_camel_case,0,5,3,46,1,13,1,1,4,3,2,40,1,11,1,1,4,5,3,46,1,13,1,1,4,9,4,64,1,17,1,1,4,3,2,40,1,11,1,1,4
ClassEval_19::generate_primes,0,11,7,116,1,19,1,3,11,10,5,67,1,18,1,3,9,19,9,148,1,27,1,2,14,11,7,116,1,19,1,3,11,11,7,116,1,19,1,3,11
ClassEval_19::get_primes,0,2,1,10,1,10,1,2,6,2,1,10,1,10,1,2,6,2,1,10,1,10,1,2,6,2,1,10,1,10,1,2,6,2,1,10,1,10,1,2,6
ClassEval_1::calculate_annulus_area,0,2,1,24,3,10,1,2,5,2,1,24,3,10,1,2,5,2,1,24,3,10,1,2,5,2,1,24,3,12,1,5,7,2,1,24,3,10,1,2,5
ClassEval_1::calculate_circle_area,0,2,1,16,1,9,1,2,6,2,1,16,1,9,1,2,6,2,1,16,1,9,1,2,6,2,1,16,1,9,1,2,6,2,1,16,1,9,1,2,6
ClassEval_1::calculate_cylinder_area,0,2,1,26,2,10,1,2,7,2,1,26,2,10,1,2,7,2,1,26,2,10,1,2,7,2,1,26,2,10,1,2,7,2,1,26,2,10,1,2,7
ClassEval_1::calculate_sector_area,0,2,1,20,2,10,1,1,5,2,1,20,2,10,1,1,5,2,1,20,2,10,1,1,5,2,1,20,2,12,1,3,7,2,1,20,2,10,1,1,5
ClassEval_1::calculate_sphere_area,0,2,1,18,1,9,1,2,6,2,1,18,1,9,1,2,6,2,1,18,1,9,1,2,6,2,1,18,1,11,1,4,8,2,1,18,1,9,1,2,6
ClassEval_20::add_user,0,5,2,28,2,17,1,3,7,5,2,28,2,17,1,3,7,5,2,28,2,17,1,2,7,5,2,28,2,17,1,3,7,5,2,28,2,17,1,3,8
ClassEval_20::get_messages,0,4,2,26,2,16,1,5,10,4,2,26,2,16,1,5,10,4,2,26,2,16,1,5,9,4,2,26,2,16,1,5,10,4,2,26,2,16,1,5,10
ClassEval_20::remove_user,0,6,2,28,2,18,1,3,8,5,2,26,2,17,1,3,7,5,2,26,2,17,1,2,7,5,2,26,2,17,1,3,7,5,2,26,2,17,1,3,8
ClassEval_20::send_message,0,8,3,84,4,22,1,5,12,8,3,84,4,22,1,5,12,8,3,84,4,22,1,4,11,8,3,84,4,22,1,5,12,7,3,81,4,21,1,5,12
ClassEval_21::add_course,0,3,2,24,2,9,1,4,6,3,2,24,2,9,1,3,7,3,2,24,2,9,1,2,6,3,2,24,2,9,1,3,7,3,2,24,2,9,1,4,6
ClassEval_21::check_course_conflict,0,9,4,83,2,18,1,10,13,9,4,83,2,18,1,10,13,9,4,83,2,18,1,7,10,9,4,83,2,18,1,10,13,9,4,83,2,18,1,10,13
ClassEval_21::is_free_at,0,8,3,62,2,19,1,7,11,8,3,62,2,19,1,7,9,8,3,62,2,19,1,5,8,8,3,62,2,21,1,9,11,8,3,62,2,19,1,7,9
ClassEval_21::remove_course,0,3,2,23,2,10,1,4,6,3,2,23,2,10,1,4,7,3,2,23,2,10,1,3,6,3,2,23,2,10,1,4,7,3,2,23,2,10,1,5,6
ClassEval_22::get_all_major,0,5,2,32,1,13,1,2,5,5,2,32,1,13,1,2,5,5,2,32,1,13,1,2,5,6,3,37,1,14,1,2,5,5,2,32,1,13,1,2,5
ClassEval_22::get_most_popular_class_in_major,0,11,5,77,2,23,1,11,9,11,5,88,2,23,1,9,9,14,6,81,2,26,1,6,7,11,5,77,2,23,1,9,9,11,5,77,2,23,1,10,9
ClassEval_22::get_students_by_major,0,6,3,38,2,16,1,1,5,6,3,38,2,16,1,1,5,6,3,38,2,16,1,1,5,6,3,38,2,16,1,1,5,6,3,38,2,16,1,1,5
ClassEval_22::register_class,0,6,3,56,3,16,1,4,9,6,3,56,3,16,1,3,9,6,3,56,3,16,1,3,9,6,3,56,3,16,1,3,9,6,3,56,3,16,1,4,9
ClassEval_22::register_student,0,6,3,38,2,9,1,2,7,6,3,38,2,9,1,2,7,6,3,38,2,9,1,1,7,6,3,38,2,9,1,2,7,6,3,38,2,9,1,2,7
ClassEval_23::_select,0,9,3,102,5,22,1,8,13,9,3,102,5,22,1,9,13,9,3,102,5,22,1,6,13,9,3,102,5,22,1,7,13,9,3,102,5,22,1,8,13
ClassEval_23::count,0,9,5,66,2,17,1,1,6,9,5,66,2,17,1,1,6,9,5,66,2,17,1,1,6,2,1,23,2,12,1,4,10,9,5,66,2,17,1,1,6
ClassEval_23::count_all,0,9,3,59,1,16,1,3,8,11,4,66,1,18,1,3,8,9,3,59,1,16,1,2,7,9,3,62,1,16,1,3,8,9,3,59,1,16,1,3,8
ClassEval_23::select,0,7,3,60,2,16,1,5,11,6,3,57,2,14,1,4,9,6,3,57,2,15,1,5,10,7,3,60,2,16,1,5,11,7,3,60,2,15,1,4,9
ClassEval_23::select_all,0,5,2,48,1,12,1,5,11,6,2,51,1,13,1,5,12,5,2,48,1,12,1,4,10,7,2,54,1,14,1,5,12,5,2,48,1,12,1,5,11
ClassEval_24::add,0,4,1,33,2,14,1,2,7,4,1,33,2,14,1,2,7,4,1,33,2,14,1,2,7,4,1,33,2,14,1,2,7,4,1,33,2,14,1,2,7
ClassEval_24::divide,0,5,1,70,2,15,1,2,7,7,2,80,2,17,1,2,7,5,1,70,2,15,1,2,7,7,2,80,2,17,1,2,7,7,2,80,2,17,1,2,7
ClassEval_24::multiply,0,4,1,49,2,14,1,2,7,4,1,49,2,14,1,2,7,4,1,49,2,14,1,2,7,4,1,49,2,14,1,2,7,4,1,49,2,14,1,2,7
ClassEval_24::subtract,0,4,1,33,2,14,1,2,7,4,1,33,2,14,1,2,7,4,1,33,2,14,1,2,7,4,1,33,2,14,1,2,7,4,1,33,2,14,1,2,7
ClassEval_25::_save_cookies,0,7,2,37,1,16,1,4,11,7,2,37,1,16,1,4,10,7,2,37,1,15,1,2,9,7,2,37,1,16,1,4,11,7,2,37,1,16,1,4,11
ClassEval_25::get_cookies,0,6,2,34,2,15,1,4,8,6,3,41,2,15,1,4,8,6,3,41,2,14,1,2,7,6,3,41,2,15,1,5,8,6,3,41,2,15,1,4,8
ClassEval_25::load_cookies,0,7,2,46,1,15,1,4,10,7,2,46,1,15,1,4,10,7,2,45,1,15,1,4,10,7,2,46,1,15,1,4,10,7,2,45,1,15,1,4,10
ClassEval_26::process_csv_data,0,17,6,116,3,33,1,3,8,22,6,132,3,37,1,3,9,18,7,142,3,33,1,3,10,21,6,149,3,41,1,7,14,19,6,143,3,34,1,6,12
ClassEval_26::read_csv,0,9,3,63,2,17,1,5,8,12,3,79,2,20,1,4,7,9,3,63,2,17,1,3,8,9,3,63,2,17,1,4,8,12,3,79,2,20,1,5,7
ClassEval_26::write_csv,0,8,2,49,3,16,1,4,10,8,2,47,3,16,1,3,8,8,2,47,3,16,1,3,8,9,2,54,3,17,1,3,9,8,2,47,3,16,1,3,8
ClassEval_27::add_currency_rate,0,4,2,27,3,13,1,3,8,4,2,27,3,13,1,2,8,4,2,27,3,13,1,1,7,4,2,27,3,13,1,2,8,4,2,27,3,13,1,3,8
ClassEval_27::convert,0,6,3,54,4,16,1,1,8,6,3,54,4,16,1,1,8,6,3,54,4,16,1,1,8,6,3,54,4,16,1,1,8,6,3,54,4,16,1,1,8
ClassEval_27::get_supported_currencies,0,2,1,17,1,9,1,1,5,2,1,17,1,9,1,1,5,2,1,17,1,9,1,1,5,2,1,17,1,9,1,1,5,2,1,17,1,9,1,1,5
ClassEval_27::update_currency_rate,0,4,2,28,3,13,1,2,7,4,2,28,3,13,1,1,7,4,2,28,3,13,1,1,7,4,2,28,3,13,1,1,7,4,2,28,3,13,1,2,7
ClassEval_28::create_table,0,7,1,49,4,15,1,4,7,7,1,49,4,15,1,4,7,7,1,49,4,15,1,3,7,7,1,49,4,15,1,4,7,7,1,49,4,15,1,4,7
ClassEval_28::delete_from_database,0,17,4,100,3,23,1,4,6,15,4,95,3,21,1,3,6,7,1,52,3,13,1,2,6,7,1,52,3,13,1,3,6,7,1,52,3,13,1,4,6
ClassEval_28::insert_into_database,0,13,7,121,3,22,1,5,7,11,2,91,3,20,1,4,7,13,6,115,3,22,1,3,7,11,3,90,3,20,1,4,7,13,6,111,3,22,1,5,7
ClassEval_28::search_database,0,8,2,60,3,17,1,4,7,8,2,60,3,17,1,4,6,8,2,60,3,16,1,2,6,8,2,60,3,17,1,4,7,8,2,60,3,17,1,4,7
ClassEval_29::mean,0,4,2,31,2,12,1,2,4,4,2,31,2,12,1,2,5,4,2,31,2,12,1,1,4,4,2,31,2,14,1,4,7,4,2,31,2,12,1,2,5
ClassEval_29::median,0,8,2,49,2,16,1,2,5,8,2,49,2,16,1,2,6,8,2,49,2,16,1,1,5,8,2,49,2,18,1,4,7,8,2,49,2,16,1,2,6
ClassEval_29::mode,0,7,4,55,2,15,1,3,5,7,4,55,2,15,1,2,5,7,4,55,2,15,1,3,5,7,4,55,2,17,1,4,7,7,4,55,2,15,1,3,5
ClassEval_2::_convert_type,0,7,3,40,3,16,1,3,7,7,3,40,3,16,1,2,7,7,3,40,3,16,1,1,6,22,9,122,3,31,1,3,10,7,3,40,3,16,1,3,7
ClassEval_2::add_argument,0,4,2,35,4,18,1,6,7,4,2,35,4,18,1,4,6,4,2,35,4,18,1,1,6,4,2,35,4,18,1,4,7,4,2,35,4,18,1,5,7
ClassEval_2::get_argument,0,2,1,17,2,11,1,4,6,2,1,19,2,11,1,4,6,2,1,19,2,11,1,2,5,2,1,17,2,11,1,3,5,2,1,19,2,11,1,3,6
ClassEval_2::parse_arguments,0,32,11,238,2,43,1,8,19,31,9,245,2,42,1,9,15,34,11,247,2,45,1,4,11,39,14,310,2,50,1,10,16,32,11,238,2,43,1,8,20
ClassEval_30::get_correlation,0,8,4,87,1,15,1,5,12,6,2,57,1,13,1,3,9,5,2,46,1,12,1,2,8,5,2,46,1,12,1,2,8,9,4,91,1,16,1,4,13
ClassEval_30::get_max,0,2,1,15,1,9,1,2,6,2,1,15,1,9,1,2,6,2,1,15,1,9,1,2,6,2,1,15,1,9,1,2,6,2,1,15,1,9,1,2,6
ClassEval_30::get_min,0,2,1,15,1,9,1,2,6,2,1,15,1,9,1,2,6,2,1,15,1,9,1,2,6,2,1,15,1,9,1,2,6,2,1,15,1,9,1,2,6
ClassEval_30::get_std_deviation,0,2,1,20,1,9,1,3,6,2,1,20,1,9,1,3,6,2,1,20,1,9,1,2,6,2,1,20,1,9,1,2,6,2,1,20,1,9,1,3,7
ClassEval_30::get_sum,0,2,1,15,1,9,1,2,6,2,1,15,1,9,1,2,6,2,1,15,1,9,1,2,6,2,1,15,1,9,1,2,6,2,1,15,1,9,1,2,6
ClassEval_30::get_variance,0,2,1,20,1,9,1,2,6,2,1,20,1,9,1,3,6,2,1,20,1,9,1,2,6,2,1,20,1,9,1,2,6,2,1,20,1,9,1,3,6
ClassEval_31::correlation_coefficient,0,11,6,130,2,20,1,6,9,13,7,140,2,22,1,6,9,11,7,131,2,20,1,6,9,13,7,140,2,22,1,6,9,13,7,140,2,22,1,7,9
ClassEval_31::kurtosis,0,11,5,89,1,19,1,2,7,11,5,88,1,19,1,3,7,11,5,88,1,19,1,3,7,11,5,89,1,18,1,1,6,11,5,89,1,19,1,2,7
ClassEval_31::pdf,0,10,3,83,3,19,1,6,10,10,3,83,3,19,1,6,10,10,3,83,3,19,1,4,9,10,3,83,3,20,1,6,10,10,3,83,3,20,1,7,11
ClassEval_31::skewness,0,12,5,95,1,20,1,5,9,16,6,127,1,23,1,5,9,11,5,92,1,19,1,6,9,12,5,95,1,19,1,4,8,15,6,123,1,23,1,6,11
ClassEval_32::caesar_decipher,0,9,4,68,3,19,1,3,5,9,4,68,3,19,1,2,5,9,4,68,3,19,1,2,5,9,4,68,3,20,1,4,6,9,4,68,3,19,1,2,5
ClassEval_32::rail_fence_decipher,0,39,17,237,3,49,1,3,7,38,17,246,3,48,1,3,6,39,17,237,3,49,1,2,7,38,17,246,3,48,1,4,6,26,13,191,3,36,1,4,7
ClassEval_32::vigenere_decipher,0,17,4,124,2,26,1,5,7,17,4,122,2,26,1,5,7,17,4,124,2,26,1,4,7,18,4,119,2,27,1,4,8,19,4,127,2,28,1,3,7
ClassEval_33::BulkItemPromo,0,6,3,41,1,17,1,4,7,6,3,41,1,17,1,4,7,6,3,41,1,17,1,3,6,6,3,41,1,17,1,4,7,6,3,41,1,17,1,4,7
ClassEval_33::FidelityPromo,0,4,2,32,1,15,1,4,7,4,2,32,1,15,1,4,7,4,2,32,1,15,1,3,6,4,2,32,1,15,1,4,7,4,2,32,1,15,1,4,7
ClassEval_33::LargeOrderPromo,0,3,3,39,1,14,1,4,7,3,3,42,1,14,1,4,7,3,3,42,1,14,1,3,6,3,3,42,1,14,1,4,7,3,3,42,1,14,1,4,7
ClassEval_33::due,0,6,2,32,1,16,1,3,8,5,2,33,1,15,1,3,9,5,2,33,1,15,1,3,9,6,2,31,1,16,1,3,8,5,2,33,1,15,1,3,9
ClassEval_33::total,0,2,2,27,1,12,1,2,6,2,2,27,1,12,1,2,6,2,2,27,1,12,1,2,6,5,2,29,1,15,1,2,6,5,2,29,1,15,1,2,6
ClassEval_34::_get_alignment_value,0,8,5,47,2,13,1,6,11,3,1,44,2,8,1,9,9,3,1,44,2,8,1,7,9,3,1,44,2,8,1,8,9,3,1,62,2,8,1,12,12
ClassEval_34::add_heading,0,8,2,46,3,14,1,5,9,8,2,46,3,14,1,5,8,8,2,46,3,14,1,3,8,8,2,46,3,14,1,5,8,8,2,46,3,14,1,5,8
ClassEval_34::add_table,0,17,8,130,2,22,1,4,8,12,5,100,2,17,1,5,8,12,5,100,2,17,1,4,8,12,5,100,2,17,1,5,8,12,5,100,2,17,1,5,8
ClassEval_34::read_text,0,9,3,46,1,13,1,4,7,9,3,46,1,13,1,3,7,9,3,46,1,13,1,3,7,9,3,46,1,13,1,4,7,9,3,46,1,13,1,4,7
ClassEval_34::write_text,0,12,2,78,4,19,1,7,12,13,2,81,4,20,1,7,11,11,3,75,4,18,1,5,10,13,2,82,4,20,1,4,11,12,2,78,4,19,1,7,11
ClassEval_35::find_blank,0,6,4,43,2,14,1,3,4,6,4,49,2,14,1,2,4,6,4,43,2,14,1,1,4,6,4,49,2,14,1,3,4,6,4,43,2,14,1,4,4
ClassEval_35::get_possible_moves,0,12,5,68,2,19,1,5,7,12,5,68,2,19,1,4,7,12,5,68,2,19,1,2,5,12,5,68,2,22,1,6,8,12,5,68,2,19,1,5,7
ClassEval_35::move,0,12,6,202,3,20,1,9,7,13,5,200,3,21,1,9,6,12,6,202,3,20,1,5,5,12,6,202,3,20,1,8,7,12,6,202,3,20,1,9,6
ClassEval_35::solve,0,20,8,152,1,27,1,2,13,21,9,168,1,32,1,6,13,20,8,152,1,31,1,1,12,21,8,156,1,40,1,12,19,20,8,152,1,31,1,6,16
ClassEval_36::clear_inbox,0,12,8,114,2,23,1,6,14,9,4,65,2,20,1,3,12,3,3,33,2,14,1,2,9,5,3,44,2,16,1,3,10,16,7,105,3,34,2,8,16
ClassEval_36::fetch,0,6,3,31,1,16,1,5,8,6,3,31,1,16,1,5,8,6,3,31,1,16,1,4,8,6,3,31,1,16,1,5,9,6,3,31,1,16,1,6,9
ClassEval_36::get_occupied_size,0,5,2,26,1,15,1,4,7,5,2,26,1,15,1,3,7,5,2,26,1,15,1,3,7,5,2,26,1,15,1,3,7,5,2,26,1,15,1,5,7
ClassEval_36::is_full_with_one_more_email,0,2,1,20,2,12,1,3,8,2,1,20,2,12,1,3,7,2,1,20,2,12,1,2,7,3,1,23,2,13,1,3,8,2,1,20,2,12,1,4,8
ClassEval_36::send_to,0,7,2,78,4,21,1,6,10,7,2,78,4,21,1,6,10,7,2,78,4,21,1,5,9,7,2,78,4,21,1,6,10,7,2,78,4,21,1,7,10
ClassEval_37::caesar_cipher,0,10,4,71,3,20,1,3,6,10,4,71,3,20,1,3,5,10,4,71,3,20,1,2,5,10,4,71,3,20,1,3,6,10,4,71,3,20,1,3,6
ClassEval_37::rail_fence_cipher,0,13,7,90,3,22,1,2,6,13,7,90,3,23,1,2,6,13,7,90,3,22,1,2,6,13,7,90,3,22,1,2,6,13,7,90,3,22,1,2,6
ClassEval_37::vigenere_cipher,0,19,4,117,2,28,1,3,8,15,4,99,2,24,1,3,7,19,4,117,2,28,1,3,8,16,4,102,2,25,1,3,7,18,4,109,2,27,1,4,7
ClassEval_38::process_excel_data,0,22,8,143,3,30,1,5,12,23,8,159,3,31,1,4,11,13,5,104,3,21,1,2,7,16,6,114,3,24,1,4,9,14,6,123,3,22,1,4,8
ClassEval_38::read_excel,0,11,3,60,2,16,1,3,6,11,3,60,2,16,1,3,6,11,3,60,2,16,1,3,6,11,3,63,2,16,1,3,8,11,3,60,2,16,1,3,6
ClassEval_38::write_excel,0,12,4,88,3,27,1,4,9,12,4,88,3,27,1,4,8,12,4,88,3,27,1,3,8,12,4,88,3,27,1,4,8,12,4,88,3,27,1,5,8
ClassEval_39::_calculate,0,19,8,95,3,29,1,4,7,17,7,85,3,27,1,4,7,19,8,101,3,29,1,5,9,19,8,95,3,29,1,3,7,19,8,95,3,29,1,4,7
ClassEval_39::calculate,0,21,6,155,2,30,1,5,13,25,7,183,2,34,1,8,18,26,7,173,2,35,1,8,16,25,7,166,2,35,1,8,16,32,10,229,2,41,1,10,15
ClassEval_39::compare,0,4,1,30,3,14,1,4,8,4,2,50,3,13,1,3,11,4,1,30,3,14,1,2,7,4,1,40,3,13,1,3,8,4,1,40,3,13,1,4,9
ClassEval_39::is_operator,0,2,1,24,1,10,1,3,5,2,1,24,1,10,1,3,5,2,1,24,1,10,1,1,5,2,1,24,1,11,1,3,6,2,1,24,1,11,1,4,6
ClassEval_39::prepare,0,40,21,304,2,47,1,6,15,30,13,219,2,38,1,6,13,28,13,199,2,36,1,4,14,35,18,280,2,43,1,5,17,49,21,300,2,57,1,7,19
ClassEval_39::transform,0,15,5,102,1,23,1,4,6,15,5,90,1,23,1,2,6,15,5,90,1,24,1,3,7,18,5,100,1,27,1,5,6,15,5,90,1,23,1,4,6
ClassEval_3::count,0,6,5,45,2,16,1,7,10,9,6,61,2,19,1,4,8,9,6,61,2,19,1,3,8,6,5,45,2,16,1,8,10,6,5,45,2,16,1,7,11
ClassEval_3::count_all,0,5,2,32,1,13,1,6,9,5,2,32,1,13,1,6,9,5,2,32,1,13,1,5,8,5,2,32,1,13,1,6,10,5,2,32,1,13,1,6,9
ClassEval_3::factorial,0,7,3,37,1,15,1,2,6,7,3,37,1,15,1,2,6,7,3,37,1,15,1,2,6,7,3,37,1,15,1,2,6,7,3,37,1,15,1,2,6
ClassEval_3::select,0,7,3,52,2,17,1,5,10,7,3,52,2,17,1,5,10,7,3,52,2,17,1,4,10,7,3,52,2,17,1,4,10,7,3,52,2,17,1,5,10
ClassEval_3::select_all,0,7,3,55,1,15,1,5,11,6,3,52,1,14,1,5,10,6,3,52,1,14,1,4,9,6,3,52,1,14,1,5,10,6,3,52,1,14,1,5,10
ClassEval_40::calculate_calorie_intake,0,13,4,104,1,28,1,14,23,13,4,108,1,21,1,5,16,13,4,108,1,21,1,5,14,13,4,104,1,21,1,3,14,13,4,104,1,21,1,3,16
ClassEval_40::condition_judge,0,12,4,69,1,20,1,3,11,15,6,71,1,23,1,3,11,15,6,71,1,23,1,2,10,16,6,74,1,24,1,4,12,15,6,71,1,23,1,3,11
ClassEval_40::get_BMI,0,2,1,16,1,10,1,3,8,2,1,16,1,10,1,3,8,2,1,16,1,10,1,2,8,2,1,16,1,10,1,2,8,2,1,16,1,10,1,3,8
ClassEval_41::_check_five_in_a_row,0,15,7,141,4,31,1,8,26,19,9,157,4,35,1,8,18,19,9,155,4,35,1,5,23,15,7,141,4,31,1,8,25,15,7,141,4,31,1,8,27
ClassEval_41::check_winner,0,9,6,96,1,19,1,4,11,9,6,96,1,19,1,4,11,9,6,96,1,19,1,2,9,9,6,96,1,19,1,4,10,9,6,96,1,19,1,4,11
ClassEval_41::make_move,0,8,5,75,3,21,1,3,11,8,5,75,3,21,1,3,11,8,5,75,3,20,1,1,10,8,5,75,3,21,1,3,11,8,5,75,3,21,1,3,11
ClassEval_42::book_room,0,17,6,107,4,38,1,6,17,17,6,107,4,38,1,6,17,17,6,107,4,38,1,1,13,17,6,107,4,38,1,6,17,17,6,107,4,38,1,6,18
ClassEval_42::check_in,0,14,6,99,4,30,1,4,15,12,5,83,4,28,1,4,12,14,6,99,4,30,1,3,13,14,6,97,4,30,1,4,15,14,6,99,4,30,1,4,15
ClassEval_42::check_out,0,5,2,35,3,18,1,3,8,5,2,35,3,18,1,1,7,5,2,35,3,18,1,1,7,5,2,35,3,18,1,2,7,5,2,35,3,18,1,2,8
ClassEval_42::get_available_rooms,0,5,2,26,2,13,1,2,7,2,1,19,2,10,1,1,5,2,1,19,2,10,1,1,5,2,1,19,2,10,1,1,5,5,2,26,2,13,1,3,7
ClassEval_43::add_employee,0,6,2,53,6,21,1,6,11,6,2,53,6,21,1,6,11,6,2,53,6,21,1,5,10,6,2,53,6,21,1,6,11,6,2,53,6,21,1,6,11
ClassEval_43::get_employee,0,5,2,26,2,17,1,5,10,5,2,26,2,17,1,5,10,5,2,26,2,17,1,4,9,5,2,26,2,17,1,5,10,5,2,26,2,17,1,5,10
ClassEval_43::list_employees,0,5,2,38,1,14,1,4,8,5,2,38,1,13,1,3,7,5,2,63,1,14,1,5,9,5,2,38,1,14,1,4,8,5,2,38,1,14,1,5,8
ClassEval_43::remove_employee,0,6,2,28,2,18,1,4,10,6,2,28,2,18,1,4,10,6,2,28,2,18,1,3,9,6,2,28,2,18,1,4,10,6,2,28,2,18,1,4,10
ClassEval_43::update_employee,0,7,4,58,3,20,1,7,12,7,4,58,3,20,1,6,12,7,4,58,3,20,1,5,11,7,4,58,3,20,1,6,12,7,4,58,3,20,1,6,12
ClassEval_44::::format_line_feed,0,4,2,30,2,9,1,3,6,4,2,26,2,9,1,2,6,4,2,26,2,9,1,2,6,4,2,29,2,9,1,2,6,4,2,29,2,9,1,3,6
ClassEval_44::extract_code_from_html_text,0,11,5,76,2,29,1,2,5,11,5,75,2,29,1,2,5,11,6,83,2,29,1,2,5,11,5,77,2,29,1,2,5,13,5,100,2,31,1,4,7
ClassEval_44::format_line_html_text,0,16,9,148,2,37,1,5,9,12,8,127,2,33,1,4,7,12,8,127,2,33,1,3,7,12,8,130,2,33,1,4,7,11,3,100,2,32,1,5,10
ClassEval_45::adjust_brightness,0,4,2,33,2,10,1,3,9,4,2,33,2,10,1,3,9,4,2,33,2,10,1,2,8,4,2,33,2,10,1,3,9,4,2,33,2,10,1,3,9
ClassEval_45::load_image,0,2,1,18,2,9,1,3,6,6,2,35,2,13,1,3,9,6,2,35,2,13,1,3,9,6,2,35,2,13,1,3,9,2,1,18,2,9,1,3,6
ClassEval_45::resize_image,0,3,2,31,3,14,1,1,6,3,2,31,3,14,1,1,6,3,2,31,3,14,1,1,6,3,2,31,3,14,1,1,6,3,2,31,3,14,1,1,6
ClassEval_45::rotate_image,0,3,2,29,2,9,1,1,6,3,2,29,2,9,1,1,6,3,2,29,2,9,1,1,6,3,2,29,2,9,1,1,6,3,2,29,2,9,1,1,6
ClassEval_45::save_image,0,3,2,21,2,9,1,1,6,3,2,21,2,9,1,1,6,3,2,21,2,9,1,1,6,3,2,21,2,9,1,1,6,3,2,21,2,9,1,1,6
ClassEval_46::interpolate_1d,0,10,4,104,4,21,1,3,10,9,4,101,4,20,1,3,9,14,5,132,4,25,1,3,9,9,4,101,4,20,1,3,9,15,5,203,4,26,1,4,11
ClassEval_46::interpolate_2d,0,34,9,330,5,47,1,8,24,24,8,265,5,37,1,3,16,27,7,312,17,57,2,6,27,25,8,317,18,45,2,9,26,26,8,263,5,39,1,4,18
ClassEval_47::get_binary,0,9,3,63,1,16,1,2,7,9,3,63,1,16,1,2,7,9,3,63,1,16,1,1,6,9,3,63,1,16,1,2,6,9,3,63,1,16,1,2,7
ClassEval_47::get_octets,0,5,2,27,1,12,1,2,8,5,2,27,1,12,1,2,8,5,2,27,1,12,1,1,7,5,2,27,1,12,1,2,8,5,2,27,1,12,1,2,8
ClassEval_47::is_valid,0,11,6,60,1,18,1,2,6,11,6,60,1,18,1,2,6,13,8,77,1,20,1,1,5,13,8,77,1,20,1,2,6,13,8,77,1,20,1,2,6
ClassEval_48::get_hostname,0,6,2,37,1,15,1,6,8,6,2,37,1,15,1,5,8,6,2,37,1,15,1,5,8,6,2,37,1,15,1,5,8,6,2,35,1,15,1,6,8
ClassEval_48::is_valid_ipv4,0,6,2,27,1,16,1,5,8,6,2,27,1,16,1,5,8,6,2,31,1,16,1,5,9,6,2,27,1,16,1,6,8,6,2,27,1,16,1,6,8
ClassEval_48::is_valid_ipv6,0,6,2,27,1,16,1,5,8,6,2,27,1,16,1,5,8,6,2,27,1,16,1,5,8,6,2,27,1,16,1,5,8,6,2,27,1,16,1,6,8
ClassEval_49::get_job_applicants,0,6,3,37,2,17,1,8,10,11,6,90,4,28,2,9,10,11,6,90,4,38,2,7,9,6,3,37,2,17,1,8,10,6,3,37,2,17,1,8,10
ClassEval_49::post_job,0,3,1,35,4,15,1,6,9,3,1,35,4,15,1,6,9,3,1,35,4,15,1,4,6,3,1,35,4,15,1,6,9,3,1,35,4,15,1,6,9
ClassEval_49::remove_job,0,2,1,16,2,12,1,3,7,2,1,16,2,12,1,3,7,2,1,16,2,12,1,2,6,2,1,16,2,13,1,4,8,2,1,16,2,13,1,4,8
ClassEval_49::search_jobs,0,6,3,35,2,16,1,6,9,6,6,85,2,16,1,6,10,6,3,35,2,16,1,4,7,6,3,35,2,16,1,5,9,6,3,35,2,16,1,6,9
ClassEval_49::submit_resume,0,3,1,35,4,14,1,4,6,3,1,35,4,15,1,5,7,3,1,35,4,15,1,4,6,3,1,35,4,15,1,5,7,3,1,35,4,15,1,5,7
ClassEval_49::withdraw_resume,0,2,1,16,2,12,1,3,7,2,1,16,2,12,1,3,7,2,1,16,2,13,1,3,7,2,1,16,2,13,1,4,8,2,1,16,2,13,1,4,8
ClassEval_4::add_course_score,0,3,2,33,4,13,1,3,7,3,2,33,4,13,1,2,6,3,2,33,4,13,1,2,6,3,2,33,4,13,1,2,6,3,2,33,4,13,1,3,6
ClassEval_4::add_student,0,3,2,45,4,12,1,3,6,3,2,45,4,12,1,3,6,3,2,45,4,12,1,3,6,3,2,45,4,12,1,3,6,3,2,45,4,12,1,3,6
ClassEval_4::get_all_students_with_fail_course,0,8,4,51,1,15,1,1,6,8,4,49,1,15,1,1,5,8,4,49,1,15,1,1,5,8,4,49,1,15,1,1,5,8,4,49,1,15,1,2,5
ClassEval_4::get_course_average,0,10,4,56,2,15,1,2,6,9,4,60,2,14,1,2,7,9,4,60,2,14,1,1,6,9,4,60,2,14,1,2,7,11,4,58,2,16,1,2,7
ClassEval_4::get_gpa,0,10,3,58,2,22,1,3,8,10,3,58,2,22,1,3,8,9,3,55,2,21,1,2,7,14,6,75,2,26,1,3,8,10,3,58,2,22,1,4,9
ClassEval_4::get_top_student,0,9,4,48,1,19,1,2,7,9,4,48,1,19,1,2,6,9,4,48,1,19,1,1,6,9,4,48,1,19,1,2,7,9,4,48,1,19,1,2,7
ClassEval_50::process_json,0,11,5,63,3,25,1,5,10,9,5,61,3,23,1,5,10,9,5,61,3,23,1,2,8,9,5,61,3,23,1,5,9,9,5,61,3,23,1,5,10
ClassEval_50::read_json,0,9,3,48,2,17,1,5,9,9,3,48,2,17,1,5,9,9,3,48,2,17,1,4,8,9,3,48,2,17,1,5,9,9,3,48,2,17,1,5,9
ClassEval_50::write_json,0,7,2,41,3,18,1,6,9,7,2,41,3,18,1,6,9,7,2,41,3,18,1,5,8,7,2,41,3,18,1,6,9,7,2,41,3,18,1,6,9
ClassEval_51::fleiss_kappa,0,8,1,104,4,27,1,6,16,8,1,104,4,27,1,6,16,8,1,104,4,27,1,6,16,8,1,106,4,34,1,8,18,8,1,102,4,27,1,6,16
ClassEval_51::kappa,0,11,3,113,2,19,1,9,12,9,1,91,2,17,1,8,14,11,3,111,2,19,1,7,14,11,3,113,2,19,1,8,14,11,3,111,2,19,1,8,15
ClassEval_52::get_pos_tag,0,6,2,41,2,15,1,6,9,6,2,41,2,15,1,5,9,6,2,41,2,15,1,4,8,6,2,41,2,17,1,5,9,6,2,41,2,15,1,6,9
ClassEval_52::lemmatize_sentence,0,19,6,110,2,29,1,6,11,19,6,110,2,29,1,6,11,13,3,82,2,23,1,4,11,22,8,176,2,35,1,7,13,19,6,110,2,29,1,6,11
ClassEval_52::remove_punctuation,0,3,1,29,2,12,1,3,6,3,1,29,2,12,1,3,6,3,1,29,2,12,1,3,6,3,1,29,2,12,1,3,6,3,1,29,2,12,1,3,6
ClassEval_53::add_word,0,2,1,16,2,6,1,1,5,2,1,16,2,6,1,1,5,2,1,16,2,6,1,1,5,2,1,16,2,6,1,1,5,2,1,16,2,6,1,1,5
ClassEval_53::find_longest_word,0,11,5,75,2,22,1,4,9,12,5,76,2,23,1,4,9,12,5,76,2,23,1,2,7,11,5,75,2,22,1,4,9,12,5,76,2,23,1,4,9
ClassEval_54::create_board,0,15,4,102,1,25,1,3,7,16,5,116,1,26,1,2,7,16,5,111,1,26,1,3,9,16,5,116,1,26,1,2,7,13,3,89,1,23,1,3,7
ClassEval_54::has_path,0,37,21,454,3,50,1,7,29,28,12,253,3,41,1,5,14,26,12,256,3,39,1,4,16,31,14,274,3,44,1,5,15,37,21,454,3,50,1,7,29
ClassEval_54::is_game_over,0,6,4,27,1,17,1,2,5,6,4,27,1,17,1,2,5,6,4,27,1,17,1,1,5,6,4,27,1,17,1,2,5,6,4,27,1,17,1,2,6
ClassEval_54::is_valid_move,0,14,9,142,3,27,1,3,18,14,9,142,3,27,1,3,18,14,9,142,3,27,1,1,17,14,9,142,3,27,1,3,18,14,9,142,3,27,1,3,18
ClassEval_54::remove_icons,0,5,1,42,3,21,1,3,10,5,1,42,3,21,1,1,10,6,2,52,3,22,1,1,11,5,1,42,3,21,1,1,10,5,1,42,3,21,1,1,10
ClassEval_55::palindromic_length,0,4,4,60,4,15,1,5,7,6,4,63,4,17,1,4,6,5,4,60,4,16,1,2,5,7,4,65,4,18,1,3,7,4,4,60,4,15,1,5,7
ClassEval_55::palindromic_string,0,14,4,86,1,22,1,2,9,29,10,216,1,37,1,3,11,26,10,208,1,34,1,3,11,30,10,214,1,38,1,3,11,31,10,226,1,39,1,3,10
ClassEval_56::accuracy,0,6,2,56,3,15,1,2,12,7,4,71,3,16,1,4,12,6,2,56,3,15,1,2,12,6,2,56,3,15,1,2,12,6,2,56,3,15,1,2,12
ClassEval_56::f1_score,0,6,2,55,3,15,1,2,6,6,2,55,3,15,1,2,6,6,2,53,3,15,1,1,6,6,2,55,3,15,1,1,6,6,2,55,3,15,1,2,6
ClassEval_56::precision,0,5,2,47,3,14,1,2,10,5,2,47,3,14,1,2,10,5,2,47,3,14,1,2,10,5,2,47,3,14,1,2,10,5,2,47,3,14,1,2,10
ClassEval_56::recall,0,5,2,47,3,14,1,2,10,5,2,47,3,14,1,2,10,5,2,47,3,14,1,2,10,5,2,47,3,14,1,2,10,5,2,47,3,14,1,2,10
ClassEval_56::update,0,14,10,98,3,23,1,3,10,14,10,98,3,23,1,3,10,19,11,122,3,28,1,3,17,17,11,115,3,26,1,4,18,15,10,99,3,24,1,3,18
ClassEval_57::map,0,41,15,265,1,54,1,11,23,35,13,281,1,48,1,13,26,40,15,276,1,52,1,9,23,37,15,309,1,49,1,14,25,38,13,286,1,51,1,15,27
ClassEval_57::mrr,0,32,11,234,1,45,1,13,19,32,14,231,1,45,1,9,21,33,11,236,1,45,1,9,17,30,10,230,1,52,1,14,24,32,14,231,1,45,1,11,18
ClassEval_58::check_won,0,6,5,55,2,16,1,5,10,6,5,55,2,16,1,5,10,6,5,55,2,16,1,4,9,6,5,55,2,16,1,5,10,6,5,55,2,16,1,6,10
ClassEval_58::generate_mine_sweeper_map,0,24,15,216,1,32,1,5,24,20,11,226,1,28,1,5,19,14,8,166,1,22,1,5,16,22,12,246,1,32,1,9,24,14,8,166,1,22,1,5,17
ClassEval_58::generate_playerMap,0,2,3,30,1,10,1,3,9,2,3,30,1,10,1,3,9,2,3,30,1,10,1,2,8,2,3,30,1,10,1,3,9,2,3,30,1,10,1,3,9
ClassEval_58::sweep,0,22,16,276,3,34,1,6,29,8,3,71,3,20,1,5,15,22,16,274,3,34,1,5,27,8,3,71,3,20,1,5,15,9,3,73,3,21,1,5,16
ClassEval_59::add_movie,0,6,1,113,6,20,1,8,12,5,1,76,6,19,1,6,12,6,1,79,6,20,1,6,12,6,1,86,6,20,1,6,12,6,1,113,6,20,1,8,12
ClassEval_59::available_movies,0,10,4,73,3,19,1,4,7,8,4,67,3,17,1,3,7,8,4,67,3,17,1,3,7,11,5,75,3,20,1,3,7,8,4,67,3,17,1,4,7
ClassEval_59::book_ticket,0,18,11,109,3,32,1,5,10,18,11,109,3,32,1,5,6,17,11,113,3,31,1,2,7,18,11,110,3,32,1,5,8,17,11,113,3,31,1,5,11
ClassEval_5::display,0,2,1,15,3,12,1,4,6,2,1,15,3,12,1,4,6,2,1,15,3,12,1,3,5,2,1,15,3,12,1,5,6,2,1,15,3,12,1,4,6
ClassEval_5::interpret,0,18,9,118,2,27,1,6,11,18,9,118,2,27,1,6,11,19,7,119,2,28,1,5,10,18,9,125,2,27,1,6,11,19,7,119,2,28,1,6,11
ClassEval_60::create_table,0,3,1,21,1,7,1,3,8,3,1,21,1,7,1,3,8,3,1,21,1,7,1,2,8,3,1,21,1,7,1,3,8,3,1,21,1,7,1,3,8
ClassEval_60::delete_ticket,0,3,1,28,2,8,1,3,7,3,1,28,2,8,1,2,7,3,1,28,2,8,1,2,7,3,1,28,2,8,1,2,7,3,1,28,2,8,1,2,7
ClassEval_60::insert_ticket,0,3,1,39,5,11,1,3,7,3,1,39,5,11,1,3,7,3,1,39,5,11,1,3,7,3,1,39,5,11,1,3,7,3,1,39,5,11,1,3,7
ClassEval_60::search_tickets_by_customer,0,3,1,29,2,13,1,4,8,3,1,29,2,13,1,4,8,3,1,29,2,13,1,3,7,3,1,29,2,13,1,4,7,3,1,29,2,13,1,4,8
ClassEval_61::add_song,0,2,1,16,2,10,1,1,5,2,1,16,2,10,1,1,5,2,1,16,2,10,1,1,5,2,1,16,2,10,1,1,5,2,1,16,2,10,1,1,5
ClassEval_61::play,0,5,2,19,1,14,1,2,8,5,2,19,1,15,1,3,8,5,2,19,1,15,1,2,8,5,2,19,1,15,1,3,8,5,2,19,1,14,1,2,8
ClassEval_61::previous_song,0,10,3,50,1,20,1,3,12,10,3,50,1,20,1,3,11,10,3,50,1,20,1,2,11,10,3,50,1,20,1,3,12,10,3,50,1,19,1,2,10
ClassEval_61::remove_song,0,5,3,35,2,14,1,1,8,5,3,35,2,15,1,2,9,5,3,35,2,15,1,2,9,7,3,39,2,17,1,2,9,7,3,39,2,17,1,3,9
ClassEval_61::set_volume,0,6,2,26,2,16,1,4,7,6,2,26,2,16,1,4,7,6,2,26,2,16,1,2,7,6,2,26,2,16,1,4,7,6,2,26,2,16,1,5,8
ClassEval_61::shuffle,0,5,2,24,1,14,1,4,8,6,2,25,1,15,1,4,9,10,4,50,1,19,1,4,12,8,4,59,1,17,1,4,15,8,4,59,1,17,1,4,16
ClassEval_61::stop,0,6,2,22,1,15,1,2,8,6,2,22,1,16,1,3,8,6,2,22,1,15,1,1,7,6,2,22,1,15,1,2,7,6,2,22,1,15,1,2,8
ClassEval_61::switch_song,0,10,3,57,1,20,1,3,13,10,3,57,1,19,1,2,11,10,3,57,1,20,1,2,12,10,3,57,1,20,1,3,12,10,3,57,1,20,1,3,13
ClassEval_62::construct_stop_word_list,0,2,1,14,1,8,1,1,4,2,1,14,1,8,1,1,4,2,1,14,1,8,1,1,4,2,1,14,1,8,1,1,4,2,1,14,1,8,1,2,4
ClassEval_62::process,0,3,1,24,2,10,1,2,7,3,1,24,2,10,1,2,7,3,1,24,2,10,1,1,6,3,1,24,2,10,1,2,7,3,1,24,2,10,1,2,7
ClassEval_62::remove_stop_words,0,7,4,52,3,15,1,2,4,7,4,52,3,15,1,2,4,7,4,52,3,15,1,2,4,7,4,52,3,15,1,2,4,7,4,52,3,15,1,2,4
ClassEval_63::calculate_word_frequency,0,7,2,60,2,14,1,6,8,7,2,60,2,14,1,6,8,7,2,42,2,14,1,3,6,7,2,42,2,14,1,5,8,6,2,57,2,13,1,6,8
ClassEval_63::process,0,3,1,23,2,10,1,4,8,4,1,26,2,11,1,4,8,4,1,26,2,11,1,2,6,3,1,23,2,10,1,4,8,3,1,23,2,10,1,4,8
ClassEval_63::process_data,0,9,5,62,2,16,1,3,6,9,5,62,2,16,1,3,6,8,4,59,2,15,1,2,5,9,5,62,2,16,1,3,6,9,5,62,2,16,1,3,6
ClassEval_64::binary_to_decimal,0,3,1,16,1,10,1,1,4,3,1,16,1,10,1,1,4,3,1,16,1,10,1,1,4,3,1,16,1,10,1,1,4,3,1,16,1,10,1,1,4
ClassEval_64::decimal_to_binary,0,3,1,18,1,10,1,1,4,3,1,18,1,10,1,1,4,3,1,18,1,10,1,1,4,3,1,18,1,10,1,1,4,3,1,18,1,10,1,1,4
ClassEval_64::decimal_to_hex,0,3,1,18,1,10,1,1,4,3,1,18,1,10,1,1,4,3,1,18,1,10,1,1,4,3,1,18,1,10,1,1,4,3,1,18,1,10,1,1,4
ClassEval_64::decimal_to_octal,0,3,1,18,1,10,1,1,4,3,1,18,1,10,1,1,4,3,1,18,1,10,1,1,4,3,1,18,1,10,1,1,4,3,1,18,1,10,1,1,4
ClassEval_64::hex_to_decimal,0,3,1,16,1,10,1,2,4,3,1,16,1,10,1,1,4,3,1,16,1,10,1,1,4,3,1,16,1,10,1,1,4,3,1,16,1,10,1,1,4
ClassEval_64::octal_to_decimal,0,3,1,16,1,10,1,1,4,3,1,16,1,10,1,1,4,3,1,16,1,10,1,1,4,3,1,16,1,10,1,1,4,3,1,16,1,10,1,1,4
ClassEval_65::format,0,7,3,51,2,15,1,1,8,7,3,51,2,15,1,3,8,7,3,51,2,15,1,2,8,7,3,51,2,15,1,3,8,11,4,85,2,19,1,2,6
ClassEval_65::format_string,0,50,14,276,2,58,1,2,10,25,8,132,2,33,1,2,7,20,6,112,2,28,1,2,7,17,5,91,2,25,1,2,10,22,7,115,2,30,1,3,7
ClassEval_65::parse_more,0,4,2,27,2,12,1,2,6,5,2,29,2,13,1,2,7,5,2,29,2,13,1,1,7,5,2,29,2,15,1,4,9,5,2,29,2,13,1,2,7
ClassEval_65::trans_three,0,10,4,82,2,18,1,2,7,9,3,54,2,17,1,2,10,8,3,87,2,16,1,2,10,9,3,54,2,17,1,2,10,10,4,82,2,18,1,1,7
ClassEval_65::trans_two,0,12,7,104,2,20,1,2,11,10,7,95,2,18,1,1,10,12,7,104,2,20,1,1,11,13,9,141,2,21,1,1,11,17,7,104,2,25,1,2,12
ClassEval_66::is_hex_char,0,2,3,24,1,9,1,2,4,2,3,24,1,10,1,3,5,2,3,24,1,10,1,2,5,2,3,24,1,10,1,2,5,2,3,24,1,10,1,3,5
ClassEval_66::replace,0,35,14,208,2,44,1,5,9,30,15,196,2,39,1,6,10,40,20,248,2,49,1,2,8,31,13,174,2,40,1,5,9,35,14,208,2,44,1,5,9
ClassEval_67::add_dish,0,21,9,130,2,31,1,6,11,20,7,115,2,30,1,5,10,20,7,115,2,30,1,3,9,13,4,83,2,23,1,4,9,19,7,112,2,29,1,5,10
ClassEval_67::calculate_total,0,11,3,64,1,22,1,2,8,9,2,59,1,20,1,2,7,10,2,62,1,21,1,1,6,9,2,59,1,20,1,2,7,10,2,62,1,21,1,2,7
ClassEval_67::checkout,0,4,2,20,1,16,1,3,8,4,2,20,1,16,1,3,8,4,2,20,1,15,1,2,6,4,2,20,1,16,1,3,8,4,2,20,1,16,1,3,8
ClassEval_68::get_page,0,6,3,56,2,15,1,2,10,6,3,56,2,15,1,2,10,6,3,56,2,15,1,2,10,6,3,56,2,15,1,2,10,6,3,56,2,15,1,2,10
ClassEval_68::get_page_info,0,6,3,109,2,23,1,6,17,5,3,106,2,22,1,5,17,5,3,106,2,22,1,4,16,5,3,106,2,22,1,6,17,5,3,106,2,22,1,6,17
ClassEval_68::search,0,10,3,78,2,23,1,5,8,10,3,78,2,23,1,4,7,10,3,78,2,23,1,3,7,10,3,78,2,23,1,3,7,10,3,78,2,23,1,4,8
ClassEval_69::extract_text_from_pdfs,0,8,3,42,1,15,1,2,5,10,4,48,1,17,1,2,5,8,3,42,1,15,1,1,5,8,3,42,1,15,1,2,5,8,3,42,1,15,1,2,5
ClassEval_69::merge_pdfs,0,9,3,68,2,18,1,6,8,7,2,47,2,16,1,5,6,9,3,68,2,18,1,3,8,8,2,52,2,17,1,5,6,10,3,63,2,19,1,6,7
ClassEval_6::get,0,11,4,89,2,20,1,3,9,11,4,89,2,20,1,3,9,11,4,89,2,20,1,2,8,11,4,90,2,20,1,4,10,11,4,89,2,20,1,3,9
ClassEval_6::setNum,0,5,1,31,1,13,1,3,10,5,1,31,1,13,1,3,10,5,1,31,1,13,1,2,10,4,1,33,1,13,1,4,11,5,1,31,1,13,1,2,10
ClassEval_70::_validate_name,0,4,3,27,2,9,1,2,5,4,3,27,2,9,1,2,5,4,3,27,2,9,1,1,4,4,3,27,2,9,1,2,5,4,3,27,2,9,1,2,5
ClassEval_70::_validate_phoneNumber,0,6,4,37,2,11,1,2,7,6,4,37,2,11,1,2,7,6,4,37,2,11,1,1,6,6,4,37,2,11,1,2,7,6,4,37,2,11,1,2,7
ClassEval_70::_validate_sex,0,5,2,30,2,10,1,2,4,5,2,30,2,10,1,2,4,5,2,30,2,10,1,1,4,5,2,31,2,10,1,2,5,5,2,30,2,10,1,2,5
ClassEval_71::check_win,0,7,3,35,1,14,1,5,11,7,3,35,1,14,1,5,11,7,3,35,1,14,1,3,9,4,2,33,1,11,1,5,9,7,3,39,1,14,1,5,11
ClassEval_71::init_game,0,11,6,82,1,23,1,4,12,11,6,82,1,23,1,4,12,11,6,82,1,23,1,3,11,11,6,82,1,23,1,4,12,11,6,82,1,23,1,4,12
ClassEval_71::move,0,27,17,264,2,51,1,14,32,30,16,274,2,54,1,14,37,31,17,266,2,55,1,11,30,25,16,257,2,49,1,14,32,26,16,268,2,50,1,14,36
ClassEval_72::extract_email,0,3,1,24,2,11,1,2,6,3,1,24,2,11,1,2,6,3,1,24,2,11,1,2,6,3,1,24,2,11,1,2,6,3,1,24,2,11,1,3,6
ClassEval_72::findall,0,2,1,19,3,11,1,5,7,2,1,19,3,11,1,4,6,2,1,19,3,11,1,3,6,2,1,19,3,11,1,4,7,2,1,19,3,11,1,5,7
ClassEval_72::generate_email_pattern,0,3,1,11,1,10,1,2,4,3,1,11,1,10,1,2,4,3,1,11,1,10,1,1,4,3,1,11,1,10,1,2,4,3,1,11,1,10,1,3,6
ClassEval_72::generate_phone_number_pattern,0,3,1,11,1,10,1,3,5,3,1,11,1,10,1,2,4,3,1,11,1,10,1,1,4,3,1,11,1,10,1,2,4,3,1,11,1,10,1,3,4
ClassEval_72::generate_split_sentences_pattern,0,3,1,11,1,10,1,3,6,2,1,8,1,9,1,3,5,3,1,11,1,10,1,1,4,2,1,8,1,9,1,3,5,3,1,11,1,10,1,3,6
ClassEval_72::match,0,3,2,33,3,12,1,3,6,3,2,33,3,12,1,3,6,3,1,25,3,12,1,2,5,3,2,33,3,12,1,3,5,3,1,25,3,12,1,3,5
ClassEval_72::split,0,2,1,19,3,11,1,5,7,2,1,19,3,11,1,4,6,2,1,19,3,11,1,3,6,2,1,19,3,11,1,4,7,2,1,19,3,11,1,4,7
ClassEval_72::split_sentences,0,10,3,70,2,18,1,3,6,10,3,70,2,18,1,3,6,10,3,70,2,18,1,2,6,6,3,43,2,14,1,3,6,10,3,70,2,18,1,3,6
ClassEval_72::sub,0,2,1,23,4,12,1,4,7,2,1,23,4,12,1,4,6,2,1,23,4,12,1,3,6,2,1,23,4,12,1,4,6,2,1,23,4,12,1,4,6
ClassEval_72::validate_phone_number,0,3,1,24,2,11,1,1,6,3,1,24,2,11,1,2,6,3,1,24,2,11,1,1,6,3,1,24,2,11,1,1,6,3,1,24,2,11,1,1,6
ClassEval_73::attack,0,7,3,42,2,16,1,2,7,6,3,39,2,15,1,2,6,5,2,30,2,14,1,1,6,5,2,30,2,14,1,2,6,7,3,42,2,16,1,2,7
ClassEval_73::gain_exp,0,8,3,59,2,19,1,3,17,5,3,44,2,16,1,3,13,10,4,56,2,21,1,1,9,8,3,59,2,19,1,3,17,10,4,71,2,21,1,3,19
ClassEval_73::heal,0,3,1,24,1,10,1,1,6,3,1,24,1,10,1,1,6,3,1,24,1,10,1,1,6,3,1,24,1,10,1,1,6,3,1,24,1,10,1,1,6
ClassEval_73::is_alive,0,2,1,12,1,9,1,2,5,2,1,12,1,9,1,1,5,2,1,12,1,9,1,1,5,2,1,12,1,9,1,1,5,2,1,12,1,9,1,2,5
ClassEval_73::level_up,0,8,2,56,1,16,1,3,17,8,2,56,1,16,1,3,17,8,2,56,1,16,1,1,15,8,2,56,1,16,1,3,17,8,2,56,1,16,1,3,17
ClassEval_74::add_white_list,0,6,2,31,2,14,1,2,8,6,2,31,2,14,1,1,8,6,2,31,2,14,1,1,8,6,2,31,2,14,1,2,8,6,2,31,2,14,1,2,8
ClassEval_74::del_white_list,0,6,2,32,2,14,1,2,8,6,2,32,2,14,1,2,8,6,2,32,2,14,1,1,8,6,2,32,2,14,1,2,8,6,2,32,2,14,1,3,8
ClassEval_74::recv,0,8,5,67,2,15,1,6,9,8,5,67,2,15,1,6,9,8,5,67,2,15,1,3,7,10,5,67,2,17,1,4,9,8,5,67,2,15,1,6,9
ClassEval_74::send,0,4,4,48,2,11,1,4,7,4,4,34,2,11,1,5,7,5,4,50,2,12,1,3,5,4,4,48,2,11,1,5,8,4,4,48,2,11,1,5,7
ClassEval_74::show,0,7,3,30,2,16,1,3,10,7,3,30,2,16,1,3,9,7,3,30,2,16,1,1,8,7,3,30,2,16,1,3,10,7,3,30,2,16,1,3,10
ClassEval_75::add_item,0,5,2,50,4,15,1,2,8,5,2,50,4,15,1,2,8,5,2,50,4,15,1,1,7,5,2,50,4,15,1,2,8,5,2,50,4,15,1,2,8
ClassEval_75::remove_item,0,5,3,50,3,14,1,2,8,6,3,52,3,15,1,2,8,5,3,50,3,14,1,1,8,6,3,52,3,15,1,1,8,5,3,50,3,14,1,2,8
ClassEval_75::total_price,0,5,2,37,1,14,1,3,6,5,2,37,1,14,1,2,6,5,2,37,1,14,1,1,5,5,2,37,1,14,1,2,6,5,2,37,1,14,1,3,6
ClassEval_75::view_items,0,2,1,16,1,10,1,2,5,2,1,16,1,10,1,1,5,2,1,16,1,10,1,1,5,2,1,16,1,10,1,1,5,2,1,16,1,10,1,1,5
ClassEval_76::add_user,0,6,2,29,2,16,1,3,8,6,2,29,2,16,1,3,7,6,2,29,2,16,1,1,7,6,2,29,2,16,1,3,8,6,2,29,2,16,1,3,7
ClassEval_76::all_not_signed_in,0,2,3,25,1,13,1,2,5,2,3,25,1,13,1,2,5,2,3,25,1,13,1,2,5,2,3,25,1,13,1,3,5,2,3,25,1,13,1,3,5
ClassEval_76::all_signed_in,0,7,4,33,1,16,1,2,6,7,4,33,1,16,1,1,6,7,4,33,1,16,1,1,6,7,4,33,1,16,1,2,6,7,4,33,1,16,1,2,6
ClassEval_76::check_sign_in,0,4,2,25,2,16,1,2,7,4,2,25,2,16,1,2,7,4,2,25,2,16,1,1,6,4,2,25,2,16,1,2,7,4,2,25,2,16,1,2,7
ClassEval_76::sign_in,0,6,2,30,2,15,1,3,8,5,2,28,2,14,1,3,7,5,2,28,2,14,1,1,6,6,2,29,2,15,1,3,9,5,2,28,2,14,1,4,8
ClassEval_77::eat_food,0,4,1,21,1,14,1,2,8,4,1,21,1,14,1,2,8,4,1,21,1,14,1,1,7,4,1,21,1,14,1,2,8,4,1,21,1,14,1,2,8
ClassEval_77::move,0,11,4,97,2,20,1,4,17,13,4,103,2,22,1,3,16,14,8,138,2,23,1,3,20,12,4,96,2,21,1,4,18,12,4,96,2,21,1,4,18
ClassEval_77::random_food_position,0,8,3,62,1,12,1,4,14,6,3,42,1,10,1,5,17,8,3,62,1,12,1,5,12,6,3,36,1,10,1,5,15,6,3,42,1,10,1,5,18
ClassEval_77::reset,0,5,1,40,1,15,1,2,11,5,1,40,1,15,1,2,11,5,1,40,1,15,1,2,10,5,1,40,1,15,1,2,11,5,1,40,1,15,1,2,11
ClassEval_78::count_words,0,3,1,23,2,10,1,4,6,7,4,44,2,14,1,3,5,4,3,36,2,11,1,1,4,5,3,56,2,12,1,5,7,3,1,23,2,10,1,4,7
ClassEval_78::process_text_file,0,8,3,42,2,15,1,3,6,8,3,42,2,15,1,2,6,8,3,42,2,15,1,2,6,8,3,42,2,15,1,2,6,8,3,42,2,15,1,3,6
ClassEval_78::split_sentences,0,30,13,250,2,38,1,7,9,20,10,181,2,28,1,6,8,15,6,110,2,23,1,2,5,15,6,114,2,23,1,5,7,19,7,129,2,27,1,4,7
ClassEval_79::delete,0,3,1,16,2,10,1,2,5,3,1,16,2,10,1,1,5,3,1,16,2,10,1,1,5,3,1,16,2,10,1,1,5,3,1,16,2,10,1,2,5
ClassEval_79::insert,0,5,2,47,2,12,1,2,6,5,2,47,2,12,1,2,6,5,2,47,2,12,1,1,5,5,2,47,2,12,1,2,6,5,2,47,2,12,1,3,6
ClassEval_79::select,0,9,3,47,3,18,1,4,7,9,3,47,3,18,1,4,6,9,3,47,3,18,1,1,5,9,3,47,3,18,1,4,5,9,3,47,3,18,1,4,7
ClassEval_79::select_by_age_range,0,3,1,23,3,11,1,2,6,3,1,23,3,11,1,2,5,3,1,23,3,11,1,1,5,3,1,23,3,11,1,2,5,3,1,23,3,11,1,2,6
ClassEval_79::select_female_under_age,0,3,1,21,2,10,1,2,5,3,1,21,2,10,1,1,5,3,1,21,2,10,1,1,5,3,1,21,2,10,1,2,5,3,1,21,2,10,1,2,5
ClassEval_79::update,0,4,2,39,3,12,1,7,6,4,2,39,3,12,1,6,6,4,2,39,3,12,1,4,5,4,2,39,3,12,1,5,6,4,2,39,3,12,1,7,6
ClassEval_7::check_balanced_brackets,0,15,6,99,1,23,1,3,12,15,6,99,1,23,1,3,12,15,6,99,1,23,1,2,12,15,6,99,1,23,1,3,12,15,6,99,1,23,1,3,12
ClassEval_7::clear_expr,0,6,4,46,1,14,1,2,9,6,4,46,1,14,1,2,9,6,4,46,1,14,1,2,9,6,4,46,1,14,1,3,9,6,4,46,1,14,1,2,9
ClassEval_80::delete,0,5,3,42,2,13,1,4,4,5,3,42,2,13,1,4,4,5,3,42,2,13,1,2,4,5,3,42,2,13,1,4,4,5,3,42,2,13,1,4,4
ClassEval_80::insert,0,5,2,45,2,13,1,2,4,5,2,45,2,13,1,1,4,5,2,45,2,13,1,1,4,4,2,42,2,12,1,1,4,5,2,45,2,13,1,3,4
ClassEval_80::select,0,10,4,66,3,19,1,4,4,9,4,64,3,18,1,4,4,9,4,64,3,18,1,3,4,10,4,66,3,19,1,4,4,10,4,66,3,19,1,4,4
ClassEval_80::update,0,6,4,65,3,14,1,6,5,6,4,65,3,14,1,5,5,6,4,65,3,14,1,3,5,6,4,65,3,14,1,5,5,6,4,65,3,14,1,6,5
ClassEval_81::correlation,0,14,8,138,2,24,1,7,12,15,8,136,2,25,1,6,12,14,8,142,2,24,1,5,11,12,7,127,2,23,1,8,12,13,7,144,2,23,1,6,12
ClassEval_81::correlation_matrix,0,17,9,135,1,26,1,4,7,19,9,170,1,28,1,4,7,11,6,100,1,20,1,4,7,17,9,135,1,26,1,4,7,17,10,140,1,26,1,4,7
ClassEval_81::mean,0,4,2,22,1,13,1,2,5,4,2,22,1,13,1,2,5,4,2,22,1,13,1,2,5,4,2,22,1,13,1,2,5,4,2,22,1,13,1,2,5
ClassEval_81::median,0,10,3,63,1,19,1,2,7,10,3,62,1,19,1,2,7,10,3,58,1,19,1,2,7,11,3,62,1,21,1,3,8,10,3,58,1,19,1,2,7
ClassEval_81::mode,0,7,4,52,1,16,1,3,6,9,5,70,1,18,1,2,5,9,5,65,1,18,1,4,6,9,5,66,1,19,1,5,7,9,5,67,1,18,1,2,5
ClassEval_81::standard_deviation,0,6,3,54,1,15,1,4,7,6,3,54,1,15,1,4,7,6,3,54,1,15,1,4,7,8,4,61,1,17,1,4,7,6,3,54,1,15,1,4,7
ClassEval_81::z_score,0,9,5,60,1,18,1,5,7,9,5,60,1,18,1,5,7,9,5,60,1,18,1,5,7,9,5,60,1,18,1,5,7,9,5,60,1,18,1,5,7
ClassEval_82::add_stock,0,6,3,48,2,14,1,3,7,6,3,48,2,14,1,3,7,6,3,48,2,14,1,2,6,6,3,48,2,15,1,4,8,6,3,48,2,14,1,3,6
ClassEval_82::buy_stock,0,7,2,41,2,19,1,5,9,7,2,41,2,19,1,5,9,11,4,72,2,23,1,3,10,11,4,72,2,23,1,5,11,7,2,41,2,19,1,5,9
ClassEval_82::calculate_portfolio_value,0,5,2,31,1,14,1,3,7,5,2,31,1,14,1,3,7,5,2,31,1,14,1,3,7,5,2,31,1,15,1,4,8,5,2,31,1,14,1,3,7
ClassEval_82::get_portfolio_summary,0,6,2,55,1,15,1,5,9,6,2,55,1,15,1,5,9,7,2,58,1,16,1,4,7,7,2,58,1,16,1,4,8,6,2,55,1,15,1,5,9
ClassEval_82::get_stock_value,0,2,1,18,2,11,1,4,5,2,1,18,2,11,1,4,5,2,1,18,2,11,1,3,5,2,1,18,2,11,1,4,5,2,1,18,2,11,1,4,5
ClassEval_82::remove_stock,0,12,5,80,2,23,1,5,9,12,5,75,2,23,1,5,9,10,5,68,2,21,1,4,8,12,5,80,2,23,1,5,9,12,5,80,2,23,1,5,9
ClassEval_82::sell_stock,0,9,5,78,2,22,1,8,10,9,5,78,2,22,1,8,10,9,5,78,2,22,1,5,9,9,5,78,2,22,1,8,10,9,5,78,2,22,1,8,11
ClassEval_83::create_student_table,0,7,1,42,1,13,1,4,8,7,1,42,1,13,1,4,8,7,1,42,1,13,1,3,7,7,1,42,1,13,1,4,8,7,1,42,1,13,1,4,8
ClassEval_83::delete_student_by_name,0,7,1,49,2,17,1,3,6,7,1,49,2,17,1,3,6,7,1,49,2,17,1,3,6,7,1,49,2,17,1,3,6,7,1,49,2,17,1,3,6
ClassEval_83::insert_student,0,7,1,66,2,16,1,6,9,7,1,66,2,16,1,6,9,7,1,66,2,16,1,5,8,7,1,66,2,16,1,6,9,7,1,66,2,16,1,6,9
ClassEval_83::search_student_by_name,0,8,1,53,2,16,1,3,7,8,1,53,2,16,1,3,7,8,1,53,2,16,1,2,6,8,1,53,2,16,1,3,7,8,1,53,2,16,1,3,7
ClassEval_84::process_file,0,5,1,33,1,17,1,4,8,5,1,33,1,17,1,4,8,5,1,33,1,17,1,2,7,5,1,33,1,17,1,3,7,5,1,33,1,17,1,4,8
ClassEval_84::read_file,0,4,1,27,1,14,1,1,6,3,1,24,1,13,1,1,6,3,1,24,1,13,1,1,6,3,1,24,1,13,1,1,6,3,1,24,1,13,1,1,6
ClassEval_84::read_file_as_json,0,6,2,35,1,16,1,6,11,3,1,20,1,13,1,4,7,3,1,20,1,13,1,2,6,3,1,20,1,13,1,4,7,3,1,20,1,13,1,4,7
ClassEval_84::write_file,0,3,1,29,2,11,1,2,6,3,1,29,2,11,1,2,7,3,1,29,2,11,1,1,6,3,1,29,2,11,1,2,7,3,1,29,2,11,1,2,6
ClassEval_85::auto_check_conflict,0,16,5,69,1,26,1,4,17,9,5,54,1,19,1,6,14,9,5,54,1,19,1,3,12,15,5,64,1,25,1,4,15,9,3,39,1,19,1,4,10
ClassEval_85::auto_set_mode,0,5,2,27,1,12,1,2,9,5,2,27,1,12,1,2,9,5,2,27,1,12,1,1,8,5,2,27,1,12,1,2,9,5,2,27,1,12,1,2,9
ClassEval_85::get_mode,0,2,1,10,1,6,1,1,5,2,1,10,1,6,1,1,5,2,1,10,1,6,1,1,5,2,1,10,1,6,1,1,5,2,1,10,1,6,1,1,5
ClassEval_85::get_target_temperature,0,2,1,10,1,8,1,2,5,2,1,10,1,8,1,1,5,2,1,10,1,8,1,1,5,2,1,10,1,8,1,1,5,2,1,10,1,8,1,2,5
ClassEval_85::set_mode,0,5,2,29,2,12,1,1,5,4,2,28,2,11,1,1,5,5,2,29,2,12,1,1,5,5,2,29,2,12,1,1,5,5,2,29,2,12,1,1,5
ClassEval_85::set_target_temperature,0,2,1,13,2,9,1,1,5,2,1,13,2,9,1,1,5,2,1,13,2,9,1,1,5,2,1,13,2,9,1,1,5,2,1,13,2,9,1,1,5
ClassEval_85::simulate_operation,0,11,3,66,1,19,1,5,13,13,3,85,1,21,1,6,15,11,3,66,1,19,1,2,11,13,7,100,1,21,1,5,21,13,3,85,1,21,1,6,15
ClassEval_86::check_winner,0,12,7,175,1,21,1,4,19,12,11,210,1,21,1,6,22,12,11,210,1,21,1,4,21,12,7,175,1,21,1,4,18,12,11,210,1,21,1,6,22
ClassEval_86::is_board_full,0,6,4,27,1,12,1,1,5,5,3,22,1,11,1,1,5,6,4,27,1,12,1,1,5,6,4,27,1,12,1,1,5,6,4,27,1,12,1,1,5
ClassEval_86::make_move,0,8,7,74,3,19,1,3,9,8,7,74,3,19,1,2,9,8,7,74,3,19,1,1,8,8,7,74,3,19,1,2,8,8,7,74,3,19,1,2,9
ClassEval_87::add_seconds,0,3,1,29,2,10,1,3,7,3,1,29,2,10,1,3,7,3,1,29,2,10,1,2,6,3,1,29,2,10,1,3,6,3,1,29,2,10,1,3,7
ClassEval_87::datetime_to_string,0,3,1,18,2,10,1,1,5,3,1,18,2,10,1,1,5,3,1,18,2,10,1,1,5,3,1,18,2,10,1,1,5,3,1,18,2,10,1,1,5
ClassEval_87::get_current_date,0,2,1,15,1,8,1,1,5,2,1,15,1,8,1,1,5,2,1,15,1,8,1,1,5,2,1,15,1,8,1,1,5,2,1,15,1,8,1,1,5
ClassEval_87::get_current_time,0,3,1,18,1,10,1,1,6,3,1,18,1,10,1,1,6,3,1,18,1,10,1,1,6,2,1,15,1,9,1,1,5,3,1,18,1,10,1,1,6
ClassEval_87::get_format_time,0,3,1,43,7,15,1,2,7,3,1,43,7,15,1,2,7,3,1,43,7,15,1,2,7,3,1,43,7,15,1,2,7,3,1,43,7,15,1,2,7
ClassEval_87::get_minutes,0,7,1,51,3,13,1,2,7,6,1,48,3,12,1,2,7,6,1,48,3,12,1,1,6,6,1,48,3,12,1,2,7,6,1,48,3,12,1,2,7
ClassEval_87::string_to_datetime,0,28,12,303,2,35,1,9,10,12,4,93,2,19,1,3,8,19,6,147,2,26,1,6,10,27,9,241,2,34,1,6,10,35,9,223,2,42,1,9,12
ClassEval_88::cos,0,10,2,71,2,18,1,3,13,10,2,69,2,18,1,3,13,10,2,71,2,18,1,3,13,10,2,69,2,18,1,3,13,10,2,69,2,18,1,3,13
ClassEval_88::factorial,0,7,3,39,2,15,1,1,5,7,3,39,2,15,1,1,5,7,3,39,2,15,1,1,5,7,3,39,2,15,1,1,5,7,3,39,2,15,1,1,5
ClassEval_88::sin,0,7,2,65,2,14,1,2,8,7,2,65,2,14,1,2,8,7,2,65,2,14,1,2,8,7,2,65,2,14,1,2,8,7,2,65,2,14,1,2,8
ClassEval_88::tan,0,6,2,48,2,13,1,2,8,8,3,67,2,15,1,1,7,6,2,48,2,13,1,2,8,6,3,62,2,13,1,1,8,7,2,52,2,14,1,2,7
ClassEval_88::taylor,0,7,2,58,3,15,1,3,8,7,2,58,3,15,1,2,8,7,2,58,3,15,1,2,8,7,2,58,3,15,1,2,8,7,2,58,3,15,1,3,8
ClassEval_89::_generate_cards,0,2,2,27,1,5,1,2,6,2,2,27,1,5,1,2,6,2,2,27,1,5,1,2,6,2,2,27,1,5,1,2,6,2,2,27,1,5,1,2,6
ClassEval_89::answer,0,9,4,60,2,19,1,5,9,9,4,62,2,19,1,3,8,9,4,60,2,19,1,3,9,10,4,62,2,20,1,2,9,7,3,57,2,17,1,4,7
ClassEval_89::evaluate_expression,0,27,10,258,3,55,3,26,27,51,16,354,3,89,3,8,9,6,2,31,2,16,1,2,6,18,5,165,5,35,4,19,24,8,3,54,2,18,1,4,8
ClassEval_89::get_my_cards,0,3,1,15,1,9,1,2,7,3,1,15,1,9,1,2,6,3,1,15,1,9,1,1,6,3,1,15,1,9,1,3,7,3,1,15,1,9,1,2,7
ClassEval_8::deposit,0,5,2,27,2,10,1,3,7,5,2,27,2,10,1,2,7,5,2,27,2,10,1,1,6,5,2,27,2,10,1,2,7,5,2,27,2,10,1,3,7
ClassEval_8::transfer,0,8,3,52,3,18,1,1,7,8,3,46,3,18,1,2,7,8,3,46,3,18,1,1,7,8,3,48,3,18,1,1,7,8,3,46,3,18,1,1,7
ClassEval_8::view_balance,0,2,1,10,1,5,1,1,5,2,1,10,1,5,1,1,5,2,1,10,1,5,1,1,5,2,1,10,1,5,1,1,5,2,1,10,1,5,1,1,5
ClassEval_8::withdraw,0,7,3,39,2,13,1,4,9,7,3,39,2,13,1,3,9,7,3,39,2,13,1,1,7,7,3,39,2,13,1,3,9,7,3,39,2,13,1,4,9
ClassEval_90::get_fragment,0,5,2,34,1,12,1,3,6,5,2,34,1,12,1,3,6,5,2,34,1,12,1,2,6,5,2,34,1,12,1,3,6,5,2,34,1,12,1,3,6
ClassEval_90::get_host,0,10,3,59,1,17,1,3,7,10,3,59,1,17,1,3,7,10,3,59,1,17,1,2,7,10,3,59,1,17,1,2,7,10,3,59,1,17,1,4,7
ClassEval_90::get_path,0,9,3,57,1,16,1,3,6,9,3,57,1,16,1,3,6,9,3,57,1,16,1,2,6,9,3,57,1,16,1,2,6,9,3,57,1,16,1,3,6
ClassEval_90::get_query_params,0,19,7,113,1,26,1,3,5,17,7,105,1,24,1,3,5,19,6,119,1,26,1,2,8,21,7,120,1,28,1,2,5,19,7,123,1,26,1,3,8
ClassEval_90::get_scheme,0,5,2,32,1,12,1,2,6,5,2,32,1,12,1,2,6,5,2,32,1,12,1,2,6,5,2,32,1,12,1,2,6,5,2,32,1,12,1,2,6
ClassEval_91::add,0,3,2,19,2,12,1,2,6,3,2,19,2,12,1,2,6,3,2,19,2,12,1,2,6,3,2,19,2,12,1,2,6,3,2,19,2,12,1,2,6
ClassEval_91::fix_path,0,8,6,59,1,17,1,3,5,14,8,94,1,22,1,2,4,14,8,94,1,22,1,1,4,14,8,94,1,22,1,2,4,8,4,45,1,16,1,2,4
ClassEval_91::parse,0,13,6,79,3,22,1,6,9,11,5,74,3,20,1,4,9,14,6,83,3,23,1,4,8,13,6,79,3,22,1,4,8,13,6,79,3,22,1,5,8
ClassEval_92::delete_user_by_username,0,3,1,28,2,12,1,2,7,3,1,28,2,12,1,2,7,3,1,28,2,12,1,2,7,3,1,28,2,12,1,2,7,3,1,28,2,12,1,2,7
ClassEval_92::insert_user,0,3,1,31,3,12,1,2,7,6,2,39,3,15,1,3,8,3,1,31,3,12,1,2,7,6,2,39,3,15,1,3,8,3,1,31,3,12,1,2,7
ClassEval_92::search_user_by_username,0,4,1,32,2,14,1,3,8,3,1,29,2,13,1,3,8,4,1,32,2,14,1,2,7,3,1,29,2,13,1,3,7,4,1,32,2,14,1,3,8
ClassEval_92::validate_user_login,0,6,2,35,3,17,1,3,6,6,2,35,3,17,1,2,6,5,2,32,3,15,1,1,5,6,2,35,3,17,1,4,6,6,2,35,3,17,1,3,6
ClassEval_93::compute_idf_weight_dict,0,5,2,46,2,14,1,2,5,5,2,46,2,14,1,2,5,6,2,49,2,15,1,3,6,6,2,49,2,15,1,3,5,5,2,46,2,14,1,2,5
ClassEval_93::cosine_similarities,0,10,2,79,2,20,1,10,12,11,5,103,2,21,1,13,15,13,4,115,2,23,1,10,12,8,3,69,2,18,1,11,12,9,3,81,2,19,1,11,13
ClassEval_93::n_similarity,0,12,5,107,2,22,1,9,11,13,5,120,2,23,1,11,15,13,5,110,2,23,1,8,11,13,5,110,2,23,1,9,13,13,5,124,2,23,1,11,13
ClassEval_93::similarity,0,8,3,62,2,18,1,7,9,6,3,54,2,16,1,8,9,8,3,62,2,18,1,4,7,8,3,62,2,18,1,7,9,6,3,54,2,16,1,7,9
ClassEval_94::add_item,0,2,1,28,4,14,1,2,6,2,1,28,4,13,1,1,5,5,2,49,4,17,1,2,8,2,1,28,4,14,1,2,6,2,1,28,4,13,1,1,5
ClassEval_94::display_items,0,9,3,57,1,19,1,3,7,9,3,57,1,19,1,3,7,9,3,57,1,20,1,3,7,9,3,57,1,20,1,4,8,9,3,57,1,20,1,4,8
ClassEval_94::insert_coin,0,3,1,17,2,12,1,3,8,3,1,17,2,12,1,3,7,3,1,17,2,12,1,2,7,3,1,17,2,12,1,2,7,3,1,17,2,12,1,3,7
ClassEval_94::purchase_item,0,13,4,74,2,25,1,4,11,13,4,74,2,25,1,4,11,11,4,66,2,23,1,2,9,11,4,66,2,23,1,4,11,14,4,78,2,26,1,4,11
ClassEval_94::restock_item,0,6,2,34,3,18,1,4,8,6,2,34,3,18,1,5,8,6,2,34,3,18,1,2,7,6,2,34,3,18,1,4,8,6,2,34,3,18,1,4,8
ClassEval_95::add_product,0,5,2,48,4,15,1,2,7,5,2,48,4,15,1,2,7,5,2,48,4,15,1,1,7,5,2,48,4,15,1,2,8,5,2,48,4,15,1,3,7
ClassEval_95::change_order_status,0,5,2,32,3,16,1,2,7,5,2,32,3,16,1,1,7,5,2,32,3,16,1,1,7,5,2,32,3,16,1,1,7,5,2,32,3,16,1,2,7
ClassEval_95::create_order,0,7,3,68,4,22,1,4,11,7,3,68,4,22,1,4,10,7,3,68,4,22,1,2,10,8,3,70,4,23,1,4,9,8,4,74,4,23,1,4,9
ClassEval_95::get_product_quantity,0,5,2,29,2,16,1,2,8,5,2,29,2,16,1,2,7,5,2,29,2,16,1,1,7,5,2,29,2,16,1,1,7,5,2,29,2,16,1,2,8
ClassEval_95::track_order,0,5,2,29,2,14,1,1,7,5,2,29,2,14,1,1,7,5,2,29,2,14,1,1,7,5,2,29,2,14,1,1,7,8,3,39,2,17,1,1,7
ClassEval_95::update_product_quantity,0,3,2,28,3,10,1,2,6,3,2,28,3,10,1,2,6,5,3,52,3,12,1,1,8,3,2,28,3,10,1,2,6,3,2,28,3,10,1,2,6
ClassEval_96::celsius_to_fahrenheit,0,2,1,16,1,11,1,2,6,2,1,16,1,11,1,2,6,2,1,16,1,11,1,2,6,2,1,16,1,11,1,2,6,2,1,16,1,11,1,2,6
ClassEval_96::fahrenheit_to_celsius,0,2,1,18,1,11,1,2,6,2,1,18,1,11,1,2,6,2,1,18,1,11,1,2,6,2,1,18,1,11,1,2,6,2,1,18,1,11,1,2,6
ClassEval_96::query,0,21,7,169,3,32,1,7,18,12,6,102,3,23,1,5,15,12,6,102,3,23,1,3,14,12,6,98,3,23,1,5,15,15,6,105,3,26,1,6,16
ClassEval_96::set_city,0,2,1,13,2,12,1,2,6,2,1,13,2,12,1,2,6,2,1,13,2,12,1,2,6,2,1,13,2,12,1,2,6,2,1,13,2,12,1,2,6
ClassEval_97::is_valid_input,0,20,9,108,2,28,1,3,10,20,9,104,2,28,1,3,8,20,9,104,2,28,1,1,8,18,8,98,2,26,1,3,9,20,9,104,2,28,1,3,9
ClassEval_97::text2int,0,24,8,144,2,32,1,1,10,35,13,210,2,43,1,1,12,24,8,144,2,32,1,1,10,22,7,133,2,30,1,1,9,24,8,144,2,32,1,2,10
ClassEval_98::find_element,0,4,2,30,2,17,1,2,6,4,2,30,2,17,1,1,6,7,3,42,2,20,1,1,6,7,3,42,2,20,1,1,6,4,2,30,2,17,1,3,6
ClassEval_98::process_xml_data,0,11,4,60,2,21,1,6,9,14,7,90,2,24,1,6,11,12,6,79,2,22,1,3,9,11,4,63,2,21,1,5,10,12,6,78,2,22,1,6,10
ClassEval_98::read_xml,0,8,2,43,1,16,1,2,9,8,2,43,1,16,1,2,9,8,2,43,1,16,1,2,9,8,2,43,1,16,1,2,9,8,2,43,1,16,1,2,9
ClassEval_98::write_xml,0,7,2,40,2,17,1,5,7,7,2,40,2,17,1,5,7,8,2,48,2,18,1,2,8,7,2,40,2,17,1,3,7,7,2,40,2,17,1,5,7
ClassEval_99::create_zip_file,0,14,6,99,3,22,1,13,12,15,6,106,3,23,1,12,13,14,6,102,3,22,1,11,14,14,6,102,3,22,1,13,14,15,6,103,3,23,1,12,13
ClassEval_99::extract_all,0,7,2,36,2,14,1,4,8,7,2,36,2,14,1,4,7,7,2,36,2,14,1,3,7,7,2,36,2,14,1,4,7,7,2,36,2,14,1,4,7
ClassEval_99::extract_file,0,7,2,40,3,15,1,5,9,11,3,63,3,19,1,6,10,13,4,78,3,21,1,5,11,7,2,40,3,15,1,5,7,15,4,103,3,23,1,11,14
ClassEval_99::read_zip_file,0,6,2,26,1,12,1,4,7,6,2,26,1,12,1,4,7,6,2,26,1,12,1,3,7,6,2,26,1,12,1,4,7,6,2,26,1,12,1,4,8
ClassEval_9::add,0,13,3,118,2,23,1,2,5,13,3,118,2,23,1,2,5,13,3,118,2,23,1,2,5,13,3,118,2,23,1,2,5,13,3,118,2,23,1,2,5
ClassEval_9::multiply,0,17,6,163,2,26,1,1,6,26,9,212,2,36,1,2,7,35,14,261,2,44,1,2,6,21,9,184,2,31,1,2,7,20,9,187,2,30,1,2,7
ClassEval_9::subtract,0,34,12,243,2,44,1,2,13,34,12,243,2,44,1,2,14,33,12,241,2,43,1,2,14,33,12,241,2,42,1,1,9,33,12,241,2,43,1,2,13
